Area_sqft,bathrooms,balconies,current_floor,total_floors,furnishing_status,Mapped_Area,facing,property_age_bucket,is_ready_to_move,is_built_up_area,is_carpet_area,is_super_built_up_area,Bedrooms,price
2916.0,3.0,1.0,4.0,8.0,0.0,19.0,8.0,3.0,1,False,False,True,3.0,126.0
1755.0,3.0,2.0,3.0,7.0,0.0,13.0,8.0,3.0,0,False,False,True,3.0,51.99
1908.0,3.0,2.0,4.0,8.0,0.0,16.0,8.0,3.0,1,False,False,True,3.0,97.0
2205.0,2.0,2.0,9.0,13.0,0.0,16.0,8.0,3.0,1,False,True,False,3.0,125.0
1755.0,3.0,1.0,8.0,13.0,3.0,14.0,8.0,2.0,1,False,True,False,3.0,79.0
2475.0,3.0,1.0,6.0,13.0,0.0,9.0,8.0,3.0,1,False,False,True,3.0,120.0
3690.0,4.0,2.0,6.0,13.0,0.0,19.0,8.0,3.0,1,False,False,True,4.0,167.0
2124.0,3.0,2.0,7.0,9.0,0.0,19.0,8.0,0.0,1,False,False,True,3.0,125.0
980.0,3.0,2.0,5.0,8.0,2.0,11.0,8.0,3.0,1,False,True,False,3.0,75.0
483.0,1.0,1.0,27.0,33.0,3.0,5.0,8.0,3.0,0,False,True,False,1.0,97.0
4714.5882,4.0,4.0,4.0,8.0,0.0,9.0,8.0,3.0,1,False,True,False,4.0,168.0
2016.0,3.0,1.0,4.0,8.0,0.0,9.0,8.0,3.0,1,False,False,True,3.0,95.0
1422.0,2.0,1.0,4.0,8.0,1.0,16.0,8.0,4.0,1,False,False,True,2.0,59.0
1107.0,2.0,3.0,7.0,7.0,3.0,33.0,0.0,0.0,1,False,True,False,2.0,60.5
3875.04,4.0,2.0,12.0,14.0,0.0,9.0,8.0,3.0,1,False,False,True,4.0,165.0
1581.0,2.0,1.0,8.5,25.0,0.0,5.0,8.0,4.0,0,False,False,True,2.0,155.0
706.0,2.0,1.0,4.0,8.0,0.0,19.0,8.0,3.0,1,False,False,False,2.0,54.0
1528.0,3.0,1.0,2.0,6.0,2.0,19.0,4.0,3.0,1,False,False,True,3.0,60.0
2016.0,3.0,1.0,1.0,5.0,3.0,11.0,8.0,2.0,1,False,False,True,3.0,95.0
2088.0,2.0,1.0,4.0,8.0,0.0,5.0,8.0,3.0,1,False,False,True,3.0,95.0
930.0,2.0,1.0,5.0,8.0,0.0,11.0,2.0,2.0,1,False,True,False,2.0,65.0
2070.0,3.0,1.0,4.0,7.0,3.0,11.0,8.0,3.0,1,True,False,False,3.0,103.0
1449.0,2.0,1.0,8.5,25.0,0.0,5.0,8.0,3.0,1,False,False,True,2.0,70.0
1845.0,3.0,2.0,2.0,5.0,3.0,19.0,2.0,2.0,1,True,False,False,3.0,77.0
1935.0,3.0,1.0,13.0,13.0,0.0,14.0,8.0,3.0,1,False,False,True,3.0,100.0
3230.0,3.0,1.0,4.0,8.0,0.0,11.0,8.0,4.0,1,False,False,True,3.0,145.0
1582.2933,2.0,1.0,5.0,6.0,3.0,11.0,3.0,1.0,1,False,False,True,2.0,65.0
2232.0,2.0,1.0,4.0,14.0,3.0,11.0,0.0,3.0,1,False,False,True,2.0,120.0
2835.0,3.0,1.0,12.0,13.0,3.0,11.0,0.0,0.0,1,False,False,True,3.0,129.0
2250.0,3.0,1.0,2.0,6.0,3.0,11.0,0.0,0.0,1,False,False,True,3.0,141.0
1350.0,2.0,1.0,4.0,8.0,2.0,11.0,8.0,3.0,1,False,False,True,2.0,62.0
2637.0,3.0,3.0,4.0,7.0,0.0,11.0,8.0,0.0,1,False,False,True,3.0,145.0
2250.0,3.0,1.0,8.0,9.0,3.0,9.0,2.0,0.0,1,False,False,True,3.0,120.0
2466.0,3.0,2.0,1.0,13.0,2.0,19.0,5.0,3.0,1,False,True,False,3.0,111.0
1980.0,3.0,1.0,4.0,8.0,0.0,11.0,8.0,4.0,1,False,False,True,3.0,78.0
1089.0,2.0,2.0,1.0,3.0,0.0,33.0,8.0,1.0,1,False,False,True,2.0,60.0
2277.0,3.0,2.0,8.0,9.0,0.0,16.0,8.0,4.0,1,False,False,True,3.0,125.0
1090.0,3.0,1.0,2.0,7.0,3.0,11.0,0.0,0.0,1,False,True,False,3.0,110.0
1710.0,3.0,1.0,4.0,4.0,0.0,14.0,8.0,4.0,1,False,False,True,3.0,80.0
828.0,2.0,1.0,4.0,8.0,0.0,11.0,8.0,4.0,1,False,True,False,2.0,52.0
1773.0,2.0,1.0,4.0,8.0,3.0,11.0,8.0,3.0,1,False,False,True,3.0,85.0
2880.0,3.0,1.0,4.0,8.0,0.0,11.0,8.0,3.0,1,False,False,True,3.0,139.0
1305.0,2.0,1.0,2.0,7.0,3.0,11.0,0.0,0.0,1,False,False,True,2.0,65.0
2313.0,3.0,1.0,5.0,14.0,3.0,19.0,2.0,0.0,1,False,True,False,3.0,120.0
1791.0,3.0,1.0,4.0,8.0,0.0,11.0,8.0,4.0,1,False,False,True,3.0,79.6
852.0,2.0,1.0,1.0,7.0,3.0,14.0,0.0,2.0,1,False,True,False,2.0,57.0
1665.0,3.0,2.0,2.0,8.0,0.0,14.0,0.0,3.0,1,False,False,False,3.0,75.0
1584.0,2.0,1.0,5.0,5.0,0.0,19.0,8.0,1.0,1,False,False,True,2.0,79.0
2358.0,3.0,1.0,4.0,13.0,3.0,19.0,0.0,3.0,1,False,True,False,3.0,105.0
2637.0,3.0,3.0,4.0,8.0,0.0,11.0,8.0,3.0,1,False,False,True,3.0,184.0
1998.0,3.0,1.0,5.0,13.0,0.0,14.0,8.0,3.0,1,False,False,True,3.0,85.6
2540.2804,3.0,3.0,8.0,9.0,2.0,19.0,0.0,0.0,1,True,False,False,3.0,85.0
2800.0,5.0,3.0,1.0,7.0,3.0,19.0,0.0,0.0,1,False,True,False,4.0,325.0
791.0,3.0,1.0,7.0,11.0,3.0,19.0,0.0,3.0,1,False,True,False,3.0,75.0
1574.0,3.0,1.0,1.0,12.0,3.0,16.0,0.0,3.0,1,False,True,False,3.0,150.0
2142.0,3.0,1.0,4.0,5.0,3.0,19.0,8.0,0.0,1,False,False,True,3.0,110.0
4410.0,4.0,2.0,4.0,8.0,0.0,9.0,8.0,4.0,1,True,False,False,4.0,220.0
2263.0,3.0,1.0,4.0,8.0,0.0,9.0,8.0,3.0,1,False,True,False,3.0,155.0
2520.0,3.0,1.0,4.0,8.0,0.0,16.0,8.0,4.0,1,False,False,True,3.0,130.0
1845.0,3.0,1.0,2.0,5.0,3.0,11.0,0.0,1.0,1,False,False,True,3.0,95.0
1260.0,3.0,1.0,4.0,8.0,1.0,11.0,8.0,2.0,1,False,False,False,3.0,82.0
1107.0,2.0,3.0,7.0,7.0,3.0,33.0,0.0,0.0,1,False,True,False,2.0,49.5
1845.0,3.0,2.0,2.0,5.0,3.0,19.0,2.0,2.0,1,True,False,False,3.0,77.0
930.0,2.0,1.0,5.0,8.0,3.0,11.0,2.0,2.0,1,False,True,False,2.0,65.0
2070.0,3.0,1.0,4.0,7.0,3.0,11.0,8.0,3.0,1,True,False,False,3.0,103.0
1845.0,3.0,1.0,4.0,8.0,3.0,11.0,4.0,3.0,1,False,False,True,3.0,90.0
2448.0,3.0,1.0,3.0,9.0,3.0,11.0,0.0,0.0,1,False,False,True,3.0,155.0
1782.0,3.0,1.0,2.0,8.0,3.0,11.0,0.0,2.0,1,False,False,True,3.0,72.0
1323.0,2.0,1.0,7.0,11.0,3.0,19.0,0.0,0.0,1,False,False,True,2.0,65.0
1095.0,2.0,1.0,8.5,25.0,0.0,5.0,8.0,3.0,1,False,False,True,2.0,140.0
2250.0,3.0,1.0,5.0,8.0,3.0,14.0,0.0,3.0,1,False,False,True,3.0,129.0
1485.0,2.0,1.0,3.0,7.0,3.0,15.0,0.0,3.0,1,False,False,True,2.0,51.0
1447.0,3.0,1.0,4.0,9.0,1.0,16.0,8.0,0.0,1,False,True,False,3.0,120.0
1800.0,3.0,1.0,4.0,8.0,2.0,11.0,8.0,3.0,1,False,False,True,3.0,80.0
1215.0,3.0,1.0,2.0,7.0,0.0,11.0,8.0,0.0,1,False,True,False,3.0,85.0
1440.0,2.0,1.0,9.0,11.0,3.0,19.0,2.0,0.0,1,False,True,False,2.0,65.0
708.0,2.0,1.0,2.0,8.0,3.0,19.0,2.0,0.0,1,False,True,False,2.0,60.0
1485.0,3.0,3.0,1.0,7.0,0.0,15.0,8.0,4.0,1,False,False,True,3.0,68.0
1323.0,2.0,1.0,3.0,7.0,3.0,19.0,0.0,0.0,1,False,False,True,2.0,60.0
1323.0,2.0,1.0,3.0,5.0,2.0,11.0,0.0,2.0,1,False,False,True,2.0,65.0
2079.0,3.0,1.0,2.0,7.0,3.0,19.0,0.0,0.0,1,False,True,False,3.0,105.0
1323.0,2.0,1.0,3.0,5.0,3.0,19.0,0.0,2.0,1,False,False,True,2.0,60.0
765.0,2.0,1.0,3.0,7.0,3.0,19.0,8.0,3.0,1,False,True,False,2.0,68.0
2160.0,3.0,3.0,5.0,7.0,0.0,14.0,8.0,3.0,1,False,False,True,3.0,97.0
3450.0,4.0,3.0,5.0,7.0,0.0,31.0,0.0,3.0,1,False,False,True,4.0,250.0
1008.0,2.0,1.0,1.0,5.0,3.0,11.0,0.0,1.0,1,False,False,True,2.0,45.0
1800.0,3.0,1.0,2.0,6.0,1.0,14.0,8.0,3.0,1,False,False,True,3.0,85.0
3879.0,3.0,3.0,14.0,14.0,0.0,19.0,2.0,3.0,1,False,True,False,3.0,142.0
1453.0,2.0,1.0,4.0,8.0,0.0,9.0,8.0,3.0,1,False,False,True,2.0,61.0
1890.0,3.0,1.0,4.0,5.0,2.0,19.0,8.0,4.0,1,False,False,True,3.0,100.0
2610.0,3.0,3.0,3.0,14.0,0.0,19.0,8.0,3.0,1,True,False,False,3.0,110.0
1530.0,2.0,1.0,11.0,14.0,3.0,19.0,0.0,3.0,1,False,True,False,2.0,75.0
2277.0,3.0,1.0,2.0,4.0,3.0,19.0,0.0,0.0,1,False,False,True,3.0,120.0
1935.0,3.0,1.0,3.0,10.0,3.0,33.0,0.0,3.0,1,False,False,True,3.0,70.0
1449.0,2.0,1.0,1.0,10.0,3.0,11.0,0.0,0.0,1,False,True,False,2.0,67.0
2142.0,3.0,1.0,4.0,12.0,0.0,16.0,8.0,3.0,1,False,False,True,3.0,105.0
1050.0,2.0,1.0,2.0,6.0,0.0,6.0,8.0,3.0,1,False,True,False,2.0,25.5
2863.224,3.0,1.0,2.0,2.0,0.0,9.0,8.0,3.0,1,False,False,True,3.0,124.0
1368.0,2.0,1.0,1.0,7.0,0.0,2.0,8.0,4.0,1,False,False,True,2.0,45.0
2196.0,3.0,2.0,2.0,11.0,3.0,19.0,2.0,0.0,1,False,True,False,3.0,127.0
1134.0,2.0,1.0,4.0,8.0,3.0,11.0,8.0,3.0,1,False,False,True,2.0,50.0
1305.0,2.0,1.0,5.0,7.0,3.0,11.0,0.0,2.0,1,False,True,False,2.0,65.0
1125.0,2.0,1.0,1.0,5.0,3.0,33.0,0.0,2.0,1,False,False,True,2.0,40.0
2518.776,3.0,1.0,5.0,10.0,3.0,9.0,8.0,0.0,1,False,False,False,3.0,139.0
1305.0,2.0,1.0,4.0,8.0,3.0,19.0,8.0,3.0,1,False,False,True,2.0,61.0
1008.0,2.0,1.0,5.0,8.0,0.0,14.0,8.0,4.0,1,False,False,True,2.0,43.5
2400.0,3.0,1.0,4.0,8.0,0.0,16.0,8.0,4.0,1,False,True,False,3.0,260.0
2115.0,3.0,2.0,5.0,8.0,0.0,11.0,8.0,3.0,1,False,False,True,3.0,100.0
2115.0,3.0,1.0,4.0,8.0,0.0,11.0,8.0,4.0,1,False,True,False,3.0,100.0
1636.128,3.0,1.0,3.0,5.0,0.0,14.0,8.0,2.0,1,False,False,True,3.0,100.0
1390.3514352,2.0,2.0,3.0,7.0,2.0,15.0,8.0,2.0,1,True,False,False,2.0,36.0
1334.7236,2.0,2.0,3.0,7.0,0.0,15.0,8.0,4.0,1,True,False,False,2.0,36.0
1845.0,1.0,2.0,6.0,13.0,1.0,31.0,8.0,4.0,1,False,True,False,3.0,90.0
1269.0,2.0,1.0,4.0,8.0,1.0,11.0,8.0,3.0,1,False,False,True,2.0,65.0
1629.0,3.0,2.0,3.0,7.0,0.0,13.0,0.0,4.0,0,True,False,False,3.0,54.0
955.0,3.0,1.0,2.0,14.0,1.0,19.0,8.0,0.0,1,False,True,False,3.0,125.0
1001.052,3.0,1.0,5.0,7.0,2.0,11.0,8.0,1.0,1,False,True,False,3.0,75.0
1304.0,2.0,1.0,8.5,25.0,0.0,5.0,8.0,4.0,0,False,False,True,2.0,155.0
4000.0,3.0,3.0,12.0,12.0,0.0,19.0,8.0,3.0,1,False,False,True,3.0,100.0
736.0,1.0,1.0,15.0,31.0,0.0,5.0,8.0,3.0,0,False,False,True,1.0,85.0
904.176,1.0,1.0,2.0,6.0,3.0,19.0,8.0,2.0,1,False,False,True,1.0,34.0
1485.0,2.0,1.0,4.0,8.0,0.0,19.0,8.0,4.0,1,True,False,False,2.0,78.0
1453.14,2.0,1.0,5.0,5.0,3.0,13.0,8.0,0.0,1,False,True,False,2.0,48.85
1377.0,2.0,3.0,5.0,8.0,0.0,19.0,8.0,3.0,1,False,False,True,2.0,75.0
1200.0,2.0,1.0,3.0,7.0,0.0,33.0,8.0,4.0,1,False,True,False,2.0,75.0
351.0,1.0,1.0,1.0,5.5,1.0,19.0,8.0,3.0,1,False,True,False,1.0,40.0
1044.0,2.0,1.0,4.5,7.0,3.0,19.0,0.0,2.0,1,False,False,True,2.0,50.0
1215.0,2.0,1.0,4.0,8.0,3.0,19.0,4.0,3.0,1,False,True,False,2.0,55.0
1305.0,2.0,1.0,7.0,14.0,2.0,19.0,8.0,0.0,1,False,True,False,2.0,70.0
2023.632,3.0,1.0,3.0,5.0,2.0,14.0,8.0,2.0,1,False,False,True,3.0,85.0
950.0,3.0,3.0,3.0,7.0,0.0,15.0,8.0,3.0,1,False,True,False,3.0,55.0
1325.0,2.0,2.0,12.0,22.0,0.0,5.0,8.0,3.0,0,False,True,False,2.0,119.0
1302.0,2.0,2.0,6.0,31.0,0.0,5.0,8.0,3.0,0,False,True,False,2.0,150.0
1200.0,3.0,2.0,0.0,1.0,0.0,20.0,8.0,3.0,1,False,True,False,3.0,157.0
600.0,2.0,1.0,5.0,6.0,3.0,33.0,8.0,0.0,1,False,True,False,1.0,35.5
1755.0,2.0,1.0,2.0,5.0,0.0,9.0,8.0,2.0,1,False,False,True,2.0,70.0
1485.0,2.0,1.0,3.0,9.0,3.0,19.0,4.0,3.0,1,True,False,False,2.0,67.0
950.0,3.0,2.0,4.0,8.0,0.0,30.0,8.0,4.0,1,False,True,False,3.0,90.0
9000.0,5.0,4.0,10.0,13.0,3.0,19.0,8.0,0.0,1,False,True,False,6.0,500.0
747.0,1.0,2.0,1.0,5.5,0.0,9.0,8.0,3.0,1,False,False,True,1.0,33.5
1511.0,2.0,1.0,8.5,25.0,0.0,5.0,8.0,4.0,0,False,False,True,2.0,136.0
1422.0,2.0,1.0,12.0,14.0,0.0,33.0,8.0,3.0,1,False,True,False,2.0,49.0
1030.95,2.0,3.0,0.0,1.0,2.0,19.0,8.0,3.0,1,False,True,False,2.0,58.0
846.0,2.0,1.0,4.0,8.0,0.0,19.0,8.0,4.0,1,False,False,True,2.0,55.0
1404.0,2.0,3.0,2.0,5.0,2.0,19.0,8.0,2.0,1,True,False,False,2.0,55.0
1584.0,3.0,1.0,5.0,13.0,0.0,11.0,8.0,0.0,1,False,False,True,2.0,90.0
1575.0,3.0,3.0,6.0,13.0,0.0,15.0,8.0,3.0,1,False,False,True,3.0,75.0
1511.0,2.0,2.0,7.5,25.0,0.0,5.0,8.0,3.0,0,False,False,True,2.0,145.0
1590.0,2.0,1.0,17.0,34.0,3.0,5.0,8.0,3.0,0,False,False,True,2.0,141.0
850.0,3.0,2.0,4.0,12.0,3.0,7.0,8.0,3.0,1,False,True,False,3.0,72.0
828.0,2.0,2.0,3.0,7.0,0.0,33.0,8.0,3.0,1,False,True,False,1.0,32.0
1179.0,2.0,1.0,5.0,8.0,0.0,14.0,4.0,3.0,1,False,False,True,2.0,60.0
1845.0,3.0,1.0,4.0,8.0,0.0,19.0,8.0,4.0,1,False,False,True,3.0,77.0
1557.0,3.0,1.0,4.0,8.0,0.0,19.0,8.0,3.0,1,False,False,True,3.0,69.0
2142.0,3.0,1.0,2.0,5.0,1.0,19.0,4.0,3.0,1,False,False,False,3.0,115.0
1845.0,3.0,2.0,2.0,5.0,1.0,5.0,8.0,3.0,1,True,False,False,3.0,77.0
1275.0,3.0,1.0,5.0,8.0,0.0,14.0,8.0,4.0,1,False,True,False,3.0,118.0
981.0,2.0,1.0,7.0,7.0,3.0,19.0,0.0,3.0,1,False,False,True,2.0,46.0
2550.0,3.0,1.0,4.0,8.0,3.0,19.0,8.0,3.0,1,False,True,False,3.0,121.0
1377.0,2.0,1.0,5.0,8.0,0.0,14.0,1.0,3.0,1,False,False,True,2.0,65.0
2100.0,3.0,1.0,4.0,8.0,2.0,19.0,8.0,4.0,1,False,True,False,3.0,100.0
3420.0,4.0,2.0,5.0,8.0,0.0,14.0,8.0,3.0,1,False,False,True,4.0,148.0
2124.0,3.0,3.0,5.0,13.0,3.0,19.0,2.0,3.0,1,True,False,False,3.0,91.0
1296.0,2.0,1.0,4.5,7.0,2.0,7.0,8.0,3.0,1,False,True,False,2.0,55.0
2000.0,3.0,1.0,4.0,8.0,0.0,19.0,4.0,3.0,1,False,False,True,3.0,125.0
1404.0,2.0,1.0,4.0,8.0,0.0,19.0,2.0,3.0,1,False,True,False,2.0,65.0
2160.0,3.0,1.0,4.0,8.0,1.0,19.0,8.0,4.0,1,False,True,False,3.0,85.0
2655.0,3.0,1.0,5.0,8.0,0.0,14.0,8.0,4.0,1,False,True,False,3.0,105.0
861.112,2.0,2.0,1.0,5.5,3.0,0.0,1.0,3.0,1,False,True,False,1.0,26.0
2025.0,3.0,1.0,4.0,8.0,0.0,11.0,4.0,3.0,1,False,True,False,3.0,130.0
945.0,3.0,1.0,6.0,13.0,0.0,14.0,8.0,4.0,1,False,True,False,3.0,93.0
1305.0,2.0,1.0,2.0,5.0,3.0,6.0,8.0,2.0,0,True,False,False,2.0,24.0
1130.0,2.0,2.0,2.0,3.0,0.0,33.0,8.0,1.0,1,False,True,False,2.0,55.0
2690.0,3.0,1.0,13.0,14.0,3.0,11.0,8.0,3.0,0,False,False,True,3.0,100.0
1068.0,3.0,1.0,4.0,8.0,0.0,19.0,8.0,4.0,1,False,True,False,3.0,102.0
1511.0,2.0,1.0,8.5,25.0,0.0,5.0,8.0,4.0,0,False,False,True,2.0,151.0
1085.0,2.0,1.0,3.0,7.0,0.0,13.0,8.0,4.0,1,False,True,False,2.0,32.5
1743.7518,3.0,2.0,7.0,8.0,2.0,33.0,8.0,0.0,1,False,True,False,3.0,60.0
1530.0,2.0,1.0,4.0,8.0,0.0,19.0,8.0,4.0,1,False,False,True,2.0,95.0
780.0,2.0,3.0,3.0,5.0,2.0,33.0,8.0,0.0,1,False,True,False,1.0,35.5
2205.0,3.0,2.0,9.0,13.0,0.0,16.0,8.0,3.0,1,False,False,True,3.0,300.0
1395.0,2.0,1.0,2.0,3.0,1.0,33.0,8.0,2.0,1,False,True,False,2.0,51.0
1091.0,3.0,1.0,9.0,13.0,3.0,11.0,8.0,3.0,1,False,True,False,3.0,99.0
405.0,1.0,1.0,20.0,31.0,3.0,5.0,8.0,3.0,0,False,True,False,1.0,90.0
6633.0,3.0,3.0,4.0,8.0,0.0,9.0,8.0,4.0,1,False,True,False,5.0,300.0
1140.0,2.0,3.0,10.0,16.0,3.0,18.0,0.0,1.0,1,True,False,False,2.0,59.0
1620.0,2.0,3.0,4.0,8.0,3.0,19.0,4.0,3.0,1,False,True,False,3.0,78.0
600.0,2.0,1.0,5.0,8.0,3.0,13.0,8.0,3.0,1,False,True,False,2.0,47.0
1307.0,2.0,3.0,14.0,31.0,0.0,5.0,8.0,3.0,0,False,False,True,2.0,163.0
980.0,3.0,4.0,7.0,7.0,2.0,2.0,8.0,3.0,1,False,False,False,3.0,75.0
1125.0,2.0,1.0,2.0,4.0,3.0,19.0,0.0,1.0,1,False,True,False,2.0,45.0
1773.0,3.0,1.0,5.0,8.0,1.0,11.0,8.0,1.0,1,False,False,True,3.0,82.0
1395.0,2.0,1.0,2.0,6.0,3.0,19.0,8.0,2.0,1,False,True,False,2.0,63.0
1845.0,3.0,1.0,5.0,8.0,0.0,14.0,8.0,4.0,1,False,False,True,3.0,95.0
1386.0,2.0,1.0,4.0,8.0,0.0,19.0,8.0,4.0,1,False,True,False,2.0,75.0
724.0,2.0,1.0,11.0,24.0,0.0,5.0,8.0,0.0,1,False,True,False,2.0,125.0
1656.0,3.0,1.0,4.0,5.0,3.0,19.0,8.0,1.0,1,False,False,True,3.0,80.0
1305.0,2.0,1.0,3.0,7.0,1.0,33.0,8.0,4.0,1,True,False,False,2.0,50.0
880.0,2.0,1.0,25.0,34.0,0.0,5.0,8.0,3.0,0,False,True,False,2.0,175.0
780.0,2.0,2.0,2.0,6.0,0.0,2.0,8.0,4.0,1,False,True,False,2.0,37.0
786.0,3.0,1.0,4.0,8.0,0.0,19.0,8.0,4.0,1,False,True,False,3.0,72.0
697.0,2.0,3.0,3.0,4.0,0.0,19.0,8.0,1.0,1,True,False,False,2.0,45.0
861.0,3.0,1.0,4.0,8.0,0.0,19.0,8.0,4.0,1,True,False,False,3.0,72.0
1602.0,2.0,3.0,11.0,14.0,1.0,31.0,8.0,4.0,1,False,False,True,3.0,81.5
1180.0,3.0,2.0,8.5,25.0,0.0,5.0,8.0,4.0,0,False,True,False,3.0,242.0
2400.0,3.0,1.0,4.0,8.0,0.0,19.0,4.0,3.0,1,False,False,False,3.0,140.0
782.0,2.0,1.0,11.0,14.0,2.0,19.0,4.0,3.0,1,False,True,False,2.0,75.0
1296.0,2.0,1.0,4.0,8.0,1.0,11.0,4.0,3.0,1,False,True,False,2.0,56.0
1134.0,2.0,1.0,2.0,7.0,3.0,19.0,2.0,3.0,1,False,True,False,2.0,48.5
881.0,2.0,1.0,4.0,10.0,2.0,16.0,8.0,0.0,1,False,True,False,3.0,79.0
1080.0,2.0,1.0,2.0,6.0,1.0,11.0,8.0,3.0,1,False,False,False,2.0,70.0
2671.0,3.0,2.0,9.0,34.0,0.0,5.0,8.0,4.0,0,False,False,True,3.0,300.0
1845.0,3.0,1.0,4.0,8.0,0.0,16.0,8.0,4.0,1,False,False,True,3.0,78.0
1197.0,2.0,1.0,4.0,8.0,0.0,19.0,8.0,4.0,1,False,True,False,2.0,65.75
350.0,1.0,1.0,2.0,6.0,0.0,6.0,8.0,4.0,1,False,True,False,1.0,15.0
1476.0,2.0,1.0,4.0,13.0,2.0,16.0,8.0,0.0,1,False,False,True,2.0,65.0
1180.0,3.0,2.0,8.5,25.0,0.0,5.0,8.0,4.0,0,False,True,False,3.0,259.0
1602.0,2.0,2.0,3.0,7.0,0.0,15.0,8.0,4.0,0,False,False,True,2.0,46.0
1319.0,3.0,1.0,4.0,8.0,1.0,11.0,8.0,3.0,1,False,True,False,3.0,165.0
1668.4045,2.0,1.0,5.0,12.0,3.0,7.0,8.0,3.0,0,False,True,False,2.0,44.17
1791.0,3.0,1.0,13.0,13.0,1.0,11.0,8.0,3.0,1,False,False,True,3.0,95.0
2303.4746,3.0,1.0,3.0,8.0,3.0,11.0,8.0,4.0,1,False,True,False,3.0,84.0
3552.087,2.0,1.0,0.0,1.0,0.0,23.0,8.0,4.0,1,False,True,False,2.0,450.0
1404.0,2.0,3.0,13.0,13.0,3.0,19.0,0.0,0.0,1,True,False,False,2.0,105.0
1400.0,2.0,2.0,8.0,13.0,0.0,18.0,8.0,4.0,1,False,True,False,2.0,46.0
1359.0,2.0,1.0,5.0,7.0,1.0,14.0,8.0,0.0,1,False,False,True,2.0,65.0
786.0,2.0,1.0,7.0,9.0,3.0,19.0,8.0,3.0,1,False,True,False,3.0,72.0
1962.0,3.0,1.0,6.0,13.0,3.0,19.0,8.0,3.0,1,False,True,False,3.0,115.0
2475.0,3.0,1.0,10.0,14.0,3.0,19.0,2.0,3.0,1,False,False,True,3.0,135.0
871.0,2.0,1.0,8.5,25.0,0.0,5.0,8.0,4.0,0,False,True,False,2.0,165.0
1215.0,2.0,1.0,2.0,10.0,2.0,19.0,8.0,1.0,1,False,True,False,2.0,50.0
1935.0,3.0,1.0,1.0,5.5,3.0,9.0,8.0,3.0,1,False,False,True,3.0,95.0
1242.0,2.0,1.0,4.0,8.0,0.0,19.0,8.0,4.0,1,False,True,False,2.0,50.0
1359.0,2.0,1.0,3.0,3.0,0.0,14.0,8.0,0.0,1,False,True,False,2.0,67.0
1875.0,3.0,2.0,2.0,25.0,0.0,5.0,8.0,3.0,0,False,False,True,3.0,170.0
1224.0,2.0,1.0,2.0,6.0,2.0,33.0,8.0,0.0,1,False,True,False,2.0,47.0
1323.0,2.0,1.0,2.0,5.0,3.0,19.0,1.0,2.0,1,False,False,True,2.0,51.0
1323.0,2.0,1.0,5.0,5.0,3.0,19.0,1.0,2.0,1,False,False,True,2.0,50.0
1197.0,2.0,1.0,4.0,8.0,1.0,19.0,4.0,3.0,1,True,False,False,2.0,53.0
1935.0,3.0,1.0,2.0,5.0,3.0,19.0,8.0,1.0,1,False,False,True,3.0,90.0
990.0,2.0,2.0,1.0,4.0,2.0,6.0,8.0,1.0,1,False,True,False,2.0,30.0
2151.0,3.0,3.0,4.0,14.0,0.0,19.0,8.0,3.0,1,False,False,False,3.0,110.0
1000.0,2.0,1.0,8.5,25.0,0.0,5.0,8.0,4.0,1,False,True,False,2.0,110.0
782.0,2.0,1.0,3.0,7.0,1.0,19.0,8.0,3.0,1,False,True,False,2.0,85.0
1410.0,3.0,1.0,4.0,8.0,3.0,9.0,8.0,3.0,1,False,True,False,3.0,114.0
2412.0,2.0,1.0,2.0,6.0,2.0,14.0,0.0,4.0,1,False,True,False,3.0,115.0
1650.0,2.0,1.0,4.0,7.0,1.0,11.0,8.0,2.0,1,False,True,False,2.0,80.0
1511.0,2.0,1.0,5.0,8.0,0.0,5.0,8.0,3.0,0,False,True,False,2.0,166.0
843.0,3.0,1.0,5.0,8.0,3.0,14.0,8.0,3.0,1,False,True,False,3.0,100.0
1183.0,3.0,1.0,13.0,13.0,0.0,19.0,8.0,3.0,1,False,True,False,3.0,110.0
1170.0,2.0,1.0,2.0,5.0,3.0,19.0,9.0,1.0,1,False,False,True,2.0,45.0
859.0,3.0,1.0,4.0,9.0,0.0,32.0,0.0,4.0,1,False,True,False,3.0,68.0
1773.0,3.0,3.0,2.0,6.0,0.0,9.0,8.0,3.0,1,False,False,True,3.0,76.0
1548.0,3.0,2.0,3.0,7.0,0.0,13.0,8.0,4.0,0,False,False,True,3.0,58.0
819.0,2.0,1.0,5.0,5.0,2.0,19.0,8.0,1.0,1,False,True,False,2.0,55.0
1395.0,2.0,1.0,5.0,5.0,0.0,19.0,8.0,2.0,1,False,False,True,2.0,55.0
2475.0,3.0,1.0,4.0,8.0,0.0,11.0,8.0,4.0,1,False,True,False,3.0,140.0
4383.0,4.0,2.0,2.0,12.0,1.0,16.0,8.0,3.0,1,False,False,True,4.0,215.0
1386.0,2.0,1.0,1.0,5.0,0.0,19.0,8.0,3.0,1,True,False,False,2.0,58.0
635.0,2.0,1.0,2.0,4.0,2.0,16.0,8.0,2.0,1,True,False,False,2.0,52.0
1170.0,2.0,3.0,2.0,6.0,0.0,6.0,8.0,4.0,1,False,False,True,2.0,45.0
1325.0,2.0,1.0,7.0,25.0,3.0,5.0,8.0,3.0,0,False,False,True,2.0,114.0
1278.0,2.0,1.0,2.0,6.0,1.0,19.0,8.0,1.0,1,False,True,False,2.0,65.0
3240.0,4.0,3.0,10.0,13.0,3.0,11.0,7.0,0.0,1,False,False,True,4.0,210.0
529.0,1.0,2.0,7.0,33.0,0.0,5.0,8.0,3.0,0,False,False,False,1.0,95.0
1242.0,2.0,1.0,3.0,3.0,3.0,13.0,8.0,0.0,1,False,True,False,2.0,40.0
2300.0,3.0,1.0,13.0,14.0,2.0,9.0,2.0,3.0,1,True,False,False,3.0,110.0
970.0,3.0,2.0,3.0,7.0,0.0,10.0,8.0,3.0,1,False,True,False,3.0,37.74
1935.0,3.0,1.0,5.0,5.0,3.0,19.0,0.0,3.0,1,False,False,True,3.0,75.0
1215.0,2.0,1.0,4.0,8.0,1.0,11.0,0.0,3.0,1,False,False,True,2.0,52.0
1350.0,2.0,1.0,4.0,8.0,0.0,6.0,8.0,3.0,1,False,False,True,2.0,43.0
3230.0,4.0,3.0,6.0,13.0,0.0,11.0,8.0,3.0,1,False,False,True,3.0,145.0
900.0,2.0,1.0,5.0,8.0,1.0,14.0,8.0,4.0,1,False,True,False,2.0,50.0
1593.0,2.0,1.0,4.0,8.0,0.0,19.0,8.0,4.0,0,False,False,True,2.0,63.72
365.0,1.0,1.0,0.0,5.0,3.0,6.0,8.0,2.0,1,False,True,False,1.0,22.0
2844.0,3.0,3.0,2.0,12.0,0.0,14.0,8.0,3.0,1,False,True,False,3.0,137.0
1625.3489,2.0,1.0,3.0,7.0,1.0,10.0,8.0,4.0,1,True,False,False,2.0,50.0
1152.0,2.0,1.0,3.0,7.0,0.0,33.0,8.0,4.0,1,False,True,False,2.0,53.0
1377.0,2.0,2.0,4.0,5.0,0.0,19.0,8.0,1.0,1,False,False,True,2.0,60.0
678.1256999999999,2.0,1.0,3.0,7.0,0.0,13.0,8.0,3.0,1,False,True,False,3.0,35.0
2109.0,3.0,2.0,12.0,14.0,2.0,19.0,4.0,3.0,1,False,True,False,3.0,93.0
1377.0,2.0,2.0,4.0,8.0,0.0,16.0,8.0,3.0,1,False,True,False,2.0,95.0
3100.0,4.0,2.0,8.5,25.0,0.0,5.0,8.0,4.0,0,False,False,True,4.0,325.0
2025.0,3.0,1.0,5.0,8.0,2.0,14.0,8.0,3.0,1,False,False,True,3.0,80.0
2385.0,3.0,1.0,10.0,13.0,3.0,14.0,9.0,3.0,0,False,False,True,3.0,100.0
1260.0,2.0,1.0,4.0,8.0,0.0,19.0,8.0,4.0,1,False,True,False,2.0,65.0
1134.0,3.0,2.0,2.0,6.0,0.0,0.0,6.0,4.0,1,False,True,False,3.0,100.0
2655.0,3.0,1.0,5.0,8.0,0.0,14.0,8.0,4.0,0,False,False,True,3.0,145.0
1791.0,3.0,2.0,3.0,7.0,0.0,13.0,8.0,4.0,1,False,True,False,3.0,75.0
1250.0,2.0,1.0,2.0,5.0,1.0,33.0,4.0,2.0,1,False,True,False,2.0,50.0
1890.0,3.0,1.0,4.0,6.0,2.0,19.0,8.0,0.0,1,False,True,False,3.0,80.0
675.0,1.0,1.0,4.0,8.0,0.0,17.0,8.0,4.0,1,False,True,False,1.0,35.0
1135.0,2.0,2.0,3.0,7.0,0.0,19.0,8.0,3.0,1,False,False,True,2.0,60.0
1287.0,2.0,1.0,10.0,13.0,0.0,13.0,8.0,3.0,0,False,False,True,2.0,53.0
1260.0,2.0,1.0,4.0,8.0,1.0,11.0,8.0,3.0,1,False,True,False,2.0,65.0
4248.0,3.0,2.0,5.0,8.0,0.0,14.0,8.0,4.0,1,False,True,False,5.0,180.0
529.0,1.0,1.0,8.5,25.0,0.0,5.0,8.0,4.0,0,False,True,False,1.0,110.0
2475.0,3.0,1.0,4.0,8.0,0.0,19.0,8.0,4.0,0,True,False,False,3.0,115.0
850.0,2.0,2.0,3.0,7.0,0.0,19.0,8.0,3.0,1,False,False,True,2.0,52.0
612.0,2.0,1.0,5.0,13.0,3.0,5.0,8.0,3.0,1,False,True,False,2.0,62.3
2098.9605,3.0,2.0,3.0,7.0,0.0,13.0,8.0,4.0,1,False,True,False,3.0,46.0
2066.6688,3.0,1.0,1.0,13.0,3.0,6.0,2.0,0.0,1,False,True,False,3.0,72.0
1245.0,2.0,1.0,13.0,14.0,1.0,19.0,8.0,0.0,1,False,False,True,2.0,60.0
2313.0,3.0,1.0,10.0,11.0,3.0,19.0,2.0,3.0,1,False,True,False,3.0,137.0
2376.0,3.0,1.0,4.0,8.0,0.0,11.0,8.0,4.0,1,True,False,False,3.0,120.0
1260.0,2.0,3.0,3.0,5.0,0.0,14.0,8.0,3.0,1,False,True,False,2.0,58.0
1190.0,3.0,2.0,3.0,7.0,0.0,33.0,8.0,3.0,1,False,True,False,3.0,72.0
1332.0,2.0,1.0,3.0,7.0,0.0,13.0,8.0,4.0,1,False,False,True,2.0,51.0
2907.0,4.0,2.0,4.0,8.0,2.0,19.0,8.0,3.0,1,True,False,False,4.0,205.0
2232.0,3.0,1.0,5.0,8.0,1.0,14.0,8.0,3.0,1,False,True,False,3.0,175.0
1177.0,2.0,1.0,8.5,25.0,0.0,5.0,8.0,3.0,0,False,True,False,2.0,115.0
3942.0,6.0,1.0,4.0,7.0,0.0,19.0,8.0,3.0,1,False,False,True,4.0,365.0
1125.0,2.0,1.0,2.0,6.0,0.0,6.0,8.0,3.0,1,False,False,True,2.0,34.99
2030.0,3.0,2.0,8.5,25.0,0.0,5.0,8.0,4.0,0,False,False,True,3.0,247.00000000000003
2250.0,3.0,1.0,4.0,8.0,1.0,11.0,8.0,4.0,1,False,False,True,3.0,161.0
1599.0,2.0,1.0,8.5,25.0,0.0,5.0,8.0,4.0,0,False,False,True,2.0,142.0
630.0,2.0,1.0,8.5,25.0,0.0,5.0,8.0,4.0,1,False,True,False,2.0,155.0
3204.0,1.0,1.0,3.0,7.0,1.0,33.0,8.0,3.0,1,True,False,False,2.0,90.0
786.0,2.0,1.0,12.0,21.0,3.0,5.0,1.0,3.0,1,True,False,False,2.0,130.0
1200.0,2.0,2.0,5.0,8.0,0.0,9.0,8.0,3.0,1,False,False,True,2.0,48.0
1575.0,3.0,3.0,3.0,7.0,1.0,15.0,8.0,4.0,1,False,True,False,3.0,70.0
1278.0,2.0,1.0,4.0,8.0,0.0,19.0,8.0,4.0,1,False,True,False,2.0,56.0
3186.0,4.0,2.0,4.0,8.0,0.0,19.0,4.0,4.0,0,True,False,False,4.0,140.0
1200.0,2.0,1.0,4.0,8.0,0.0,9.0,8.0,4.0,1,False,True,False,2.0,55.0
693.0,1.0,1.0,4.0,8.0,0.0,19.0,8.0,3.0,1,False,False,True,1.0,36.0
1310.0,2.0,1.0,8.5,25.0,0.0,5.0,8.0,4.0,1,False,False,True,2.0,150.0
1332.0,2.0,1.0,5.0,8.0,0.0,14.0,8.0,4.0,0,False,True,False,2.0,69.0
3186.0,4.0,2.0,4.0,8.0,0.0,19.0,8.0,4.0,1,False,True,False,4.0,140.0
2669.0,3.0,1.0,4.0,8.0,0.0,11.0,8.0,4.0,1,False,True,False,3.0,140.0
842.0,3.0,1.0,1.0,13.0,3.0,19.0,3.0,0.0,1,False,True,False,3.0,80.0
1890.0,3.0,1.0,4.0,8.0,0.0,11.0,8.0,4.0,1,False,True,False,3.0,86.0
2142.0,3.0,1.0,4.0,8.0,0.0,19.0,8.0,4.0,1,False,True,False,3.0,110.0
2439.0,3.0,1.0,4.0,8.0,0.0,19.0,8.0,4.0,0,False,False,True,3.0,101.0
650.0,1.0,1.0,2.0,6.0,0.0,6.0,8.0,4.0,1,False,True,False,1.0,20.0
2502.0,3.0,1.0,5.0,10.0,0.0,19.0,8.0,3.0,1,False,False,True,3.0,120.0
1030.0,3.0,1.0,6.0,13.0,0.0,9.0,8.0,3.0,0,False,True,False,3.0,97.0
1530.0,2.0,1.0,5.0,8.0,0.0,11.0,8.0,2.0,1,True,False,False,2.0,70.0
791.0,2.0,3.0,7.0,11.0,3.0,19.0,9.0,3.0,1,False,True,False,3.0,71.0
2368.058,3.0,1.0,4.0,8.0,0.0,11.0,8.0,4.0,1,False,True,False,3.0,90.0
4248.0,4.0,3.0,4.0,8.0,0.0,9.0,8.0,4.0,1,False,False,True,5.0,207.0
1836.0,3.0,1.0,4.0,8.0,0.0,16.0,8.0,4.0,0,False,False,True,3.0,83.0
2970.0,4.0,2.0,5.0,8.0,0.0,14.0,8.0,4.0,1,True,False,False,4.0,141.0
2025.0,3.0,1.0,2.0,5.0,3.0,11.0,0.0,2.0,1,False,False,True,3.0,85.0
1845.0,3.0,1.0,6.0,13.0,3.0,16.0,0.0,3.0,0,False,False,True,3.0,78.8
1875.0,3.0,1.0,2.0,25.0,0.0,5.0,8.0,3.0,0,False,False,True,3.0,169.0
1656.0,2.0,1.0,4.0,8.0,0.0,16.0,0.0,3.0,0,False,False,True,2.0,71.5
1845.0,3.0,1.0,4.0,5.0,3.0,19.0,0.0,2.0,1,False,False,True,3.0,96.0
2412.0,4.0,3.0,6.0,18.0,3.0,14.0,0.0,3.0,0,False,False,True,3.0,113.0
4005.0,4.0,3.0,4.0,8.0,0.0,19.0,0.0,3.0,0,False,False,True,4.0,175.0
2394.0,4.0,2.0,6.0,13.0,3.0,19.0,0.0,3.0,0,False,False,True,3.0,93.0
2025.0,3.0,1.0,11.0,13.0,3.0,14.0,0.0,3.0,1,False,False,True,3.0,107.0
2106.0,3.0,1.0,10.0,13.0,0.0,9.0,0.0,3.0,0,False,False,True,3.0,99.0
2475.0,3.0,1.0,4.0,8.0,0.0,19.0,8.0,4.0,1,False,False,True,3.0,95.0
6750.0,4.0,1.0,10.0,18.0,3.0,9.0,3.0,3.0,0,False,False,True,4.0,375.0
3645.0,4.0,1.0,3.0,20.0,0.0,8.0,9.0,3.0,0,False,False,True,4.0,230.0
2790.0,3.0,1.0,3.0,12.0,3.0,9.0,9.0,3.0,0,False,False,True,3.0,132.0
2412.0,3.0,1.0,2.0,8.0,3.0,16.0,9.0,3.0,1,False,False,True,3.0,131.0
6075.0,6.0,1.0,12.0,20.0,0.0,8.0,9.0,3.0,0,False,False,True,6.0,425.0
6300.0,6.0,1.0,7.0,20.0,0.0,8.0,9.0,3.0,0,False,False,True,6.0,450.0
3807.0,4.0,1.0,12.0,20.0,0.0,8.0,9.0,3.0,0,False,False,True,4.0,250.0
3699.0,4.0,1.0,13.0,20.0,0.0,8.0,9.0,3.0,0,False,False,True,4.0,240.0
3537.0,4.0,1.0,9.0,20.0,3.0,8.0,9.0,3.0,0,False,False,True,4.0,220.00000000000003
1231.0,3.0,2.0,4.0,9.0,3.0,19.0,2.0,0.0,1,False,True,False,3.0,115.0
2259.0,3.0,1.0,5.0,13.0,0.0,14.0,8.0,3.0,1,False,False,True,3.0,121.0
1845.0,3.0,1.0,2.0,14.0,3.0,8.0,0.0,3.0,1,False,False,True,3.0,78.0
819.0,2.0,1.0,4.0,8.0,0.0,11.0,4.0,3.0,1,False,True,False,2.0,55.0
1054.8622,2.0,1.0,4.0,8.0,3.0,11.0,4.0,4.0,1,False,True,False,2.0,55.0
1548.0,2.0,1.0,5.0,7.0,2.0,14.0,0.0,3.0,1,False,False,True,2.0,60.0
990.0,1.0,1.0,2.0,4.0,0.0,33.0,0.0,3.0,1,False,False,True,1.0,35.0
3358.0,4.0,3.0,7.0,7.0,2.0,31.0,2.0,0.0,1,False,False,True,4.0,190.0
1125.0,2.0,1.0,1.0,4.0,2.0,33.0,0.0,1.0,1,False,False,True,2.0,55.0
2970.0,4.0,1.0,6.0,13.0,3.0,14.0,0.0,3.0,1,False,False,True,4.0,130.0
3015.0,3.0,1.0,3.0,12.0,0.0,9.0,9.0,3.0,0,False,False,True,3.0,142.0
2520.0,3.0,1.0,2.0,8.0,3.0,16.0,9.0,3.0,1,False,False,True,3.0,145.0
1380.0,2.0,1.0,18.0,25.0,3.0,5.0,0.0,3.0,0,False,False,True,2.0,110.0
1845.0,3.0,2.0,4.0,10.0,3.0,11.0,0.0,3.0,0,False,False,True,3.0,85.0
2804.0,3.0,2.0,0.0,2.0,3.0,11.0,0.0,3.0,1,False,True,False,3.0,250.0
1302.0,2.0,1.0,8.5,25.0,0.0,5.0,8.0,4.0,1,True,False,False,2.0,130.0
1674.0,3.0,1.0,5.0,8.0,3.0,33.0,0.0,0.0,1,False,False,True,3.0,75.0
1305.0,2.0,1.0,7.0,8.0,2.0,9.0,0.0,1.0,1,False,False,True,2.0,60.0
1485.0,2.0,1.0,4.0,13.0,3.0,9.0,0.0,3.0,1,False,False,True,2.0,67.0
2925.0,3.0,3.0,4.0,8.0,0.0,11.0,8.0,3.0,0,False,False,True,3.0,120.0
3690.0,4.0,2.0,6.0,10.0,3.0,19.0,0.0,3.0,1,False,False,True,4.0,165.0
2475.0,3.0,2.0,9.0,13.0,3.0,19.0,2.0,3.0,1,False,False,True,3.0,115.0
1728.0,3.0,2.0,1.0,6.0,3.0,19.0,4.0,1.0,1,False,False,True,3.0,65.0
4788.0,4.0,1.0,3.0,12.0,3.0,9.0,0.0,3.0,0,False,False,True,4.0,260.0
3006.0,3.0,1.0,1.0,12.0,3.0,9.0,0.0,3.0,0,False,False,True,3.0,150.0
2916.0,3.0,1.0,3.0,12.0,3.0,9.0,9.0,3.0,0,False,False,True,3.0,140.0
3105.0,3.0,1.0,4.0,8.0,0.0,9.0,0.0,3.0,0,False,False,True,3.0,160.0
4329.0,4.0,1.0,4.0,12.0,3.0,16.0,0.0,3.0,1,False,False,True,4.0,235.0
7650.0,4.0,1.0,6.0,18.0,0.0,9.0,3.0,3.0,0,False,False,True,4.0,425.0
1300.0,3.0,1.0,4.0,11.0,3.0,18.0,2.0,0.0,1,False,False,True,3.0,76.0
1800.0,3.0,1.0,5.0,13.0,0.0,14.0,8.0,3.0,0,False,False,True,3.0,84.0
1629.0,4.0,3.0,4.0,8.0,0.0,11.0,8.0,4.0,1,False,False,True,3.0,125.0
1152.0,2.0,1.0,5.0,5.0,0.0,19.0,8.0,4.0,1,False,False,True,2.0,74.0
1494.0,2.0,1.0,2.0,13.0,0.0,14.0,8.0,3.0,1,False,False,True,2.0,75.0
1719.0,3.0,1.0,3.0,5.0,3.0,19.0,2.0,2.0,1,False,False,True,3.0,73.0
3915.0,4.0,2.0,4.0,6.0,0.0,14.0,8.0,4.0,1,False,False,True,4.0,225.0
1260.0,2.0,2.0,3.0,5.0,0.0,19.0,8.0,4.0,1,False,False,True,2.0,60.0
4383.0,4.0,2.0,6.0,12.0,3.0,11.0,0.0,3.0,1,False,False,True,4.0,212.0
2700.0,3.0,1.0,4.5,7.0,0.0,11.0,8.0,3.0,1,False,False,False,3.0,160.0
2610.0,3.0,1.0,4.0,8.0,0.0,11.0,4.0,4.0,1,False,False,True,3.0,116.0
2115.0,3.0,1.0,4.0,13.0,3.0,14.0,2.0,0.0,1,False,False,True,3.0,125.0
1215.0,2.0,1.0,0.0,4.0,3.0,16.0,0.0,0.0,1,False,False,True,2.0,85.0
1620.0,3.0,1.0,3.0,8.0,3.0,16.0,0.0,2.0,1,False,False,True,3.0,67.0
1089.0,2.0,1.0,3.0,5.0,3.0,11.0,0.0,1.0,1,True,False,False,2.0,53.0
1080.0,2.0,1.0,0.0,4.0,3.0,16.0,2.0,1.0,1,False,False,True,2.0,65.0
1845.0,3.0,1.0,2.0,9.0,3.0,16.0,0.0,0.0,1,False,False,True,3.0,78.0
1467.0,2.0,1.0,4.0,10.0,0.0,16.0,8.0,4.0,1,False,False,True,2.0,65.0
2475.0,3.0,1.0,6.0,13.0,3.0,19.0,0.0,3.0,1,False,False,True,3.0,115.0
2142.0,3.0,1.0,6.0,11.0,3.0,11.0,0.0,0.0,1,False,False,True,3.0,97.0
2142.0,3.0,1.0,3.0,7.0,3.0,11.0,0.0,2.0,1,False,False,True,3.0,95.0
2493.0,3.0,1.0,4.0,13.0,3.0,9.0,0.0,0.0,1,False,False,True,3.0,121.0
1485.0,2.0,1.0,4.0,8.0,3.0,16.0,0.0,0.0,1,False,False,True,2.0,68.0
594.0,2.0,1.0,3.0,9.0,3.0,9.0,0.0,0.0,1,True,False,False,2.0,65.0
2835.0,4.0,1.0,3.0,7.0,3.0,11.0,0.0,0.0,1,False,False,True,4.0,195.0
2070.0,4.0,1.0,1.0,1.0,3.0,16.0,0.0,2.0,1,False,False,True,4.0,315.0
4032.0,4.0,2.0,8.0,13.0,0.0,14.0,8.0,3.0,0,False,False,True,4.0,175.0
2502.0,3.0,1.0,3.0,5.0,3.0,16.0,0.0,0.0,1,False,False,True,3.0,160.0
2259.0,3.0,1.0,2.0,7.0,3.0,19.0,0.0,0.0,1,False,False,True,3.0,115.0
1683.0,2.0,1.0,3.0,13.0,0.0,19.0,8.0,3.0,0,False,False,True,2.0,74.82
3195.0,4.0,2.0,4.0,8.0,3.0,19.0,8.0,3.0,1,False,False,True,4.0,151.0
1377.0,2.0,1.0,5.0,8.0,0.0,14.0,0.0,3.0,1,False,True,False,2.0,65.0
1098.0,2.0,1.0,4.0,5.0,3.0,11.0,0.0,2.0,1,False,False,True,2.0,51.0
1593.0,2.0,1.0,4.0,8.0,0.0,19.0,8.0,3.0,1,False,False,True,2.0,64.0
1755.0,2.0,1.0,3.0,8.0,3.0,11.0,0.0,2.0,1,False,False,True,2.0,55.0
1278.0,2.0,1.0,2.0,8.0,3.0,19.0,0.0,2.0,1,False,False,True,2.0,65.0
1224.0,2.0,1.0,2.0,5.0,3.0,11.0,0.0,2.0,1,False,False,True,2.0,55.0
1305.0,2.0,1.0,2.0,8.0,2.0,11.0,0.0,2.0,1,False,False,True,2.0,58.0
1350.0,2.0,1.0,2.0,5.0,3.0,19.0,0.0,2.0,1,False,False,True,2.0,54.0
1377.0,2.0,1.0,2.0,6.0,2.0,19.0,0.0,2.0,1,False,False,True,2.0,65.0
1786.8074,2.0,1.0,6.0,6.0,3.0,14.0,0.0,2.0,1,False,True,False,3.0,130.0
2394.0,3.0,1.0,2.0,6.0,3.0,19.0,0.0,0.0,1,False,False,True,3.0,90.0
3915.0,3.0,1.0,5.0,6.0,2.0,5.0,0.0,3.0,1,False,False,True,4.0,250.0
4410.0,4.0,1.0,2.0,13.0,3.0,16.0,0.0,3.0,0,False,False,True,4.0,195.0
1620.0,2.0,1.0,2.0,13.0,3.0,19.0,0.0,0.0,1,False,False,True,3.0,82.0
3186.0,4.0,1.0,5.0,13.0,3.0,19.0,0.0,0.0,1,False,False,True,4.0,140.0
1449.0,2.0,2.0,4.0,6.0,2.0,11.0,0.0,1.0,1,False,False,True,2.0,65.0
1449.0,2.0,1.0,3.0,9.0,3.0,11.0,0.0,0.0,1,False,False,True,2.0,67.0
4401.0,6.0,1.0,4.0,7.0,0.0,19.0,8.0,4.0,1,False,False,True,4.0,370.0
1170.0,2.0,2.0,5.0,5.0,0.0,19.0,8.0,1.0,1,False,False,True,2.0,55.0
3240.0,4.0,3.0,10.0,13.0,0.0,14.0,8.0,4.0,1,False,False,True,4.0,210.0
2637.0,3.0,3.0,3.0,7.0,2.0,11.0,0.0,0.0,1,False,False,True,3.0,145.0
1764.0,3.0,1.0,1.0,5.0,3.0,19.0,0.0,2.0,1,False,False,True,3.0,80.0
2439.0,5.0,1.0,3.0,5.0,0.0,19.0,8.0,3.0,1,False,False,True,4.0,175.0
2187.0,3.0,1.0,5.0,13.0,0.0,19.0,8.0,3.0,0,False,False,True,3.0,100.0
2187.0,3.0,1.0,8.0,13.0,0.0,19.0,8.0,3.0,0,False,False,True,3.0,99.5
1683.0,2.0,1.0,8.0,13.0,0.0,19.0,8.0,3.0,0,False,False,True,2.0,67.32
2142.0,3.0,1.0,13.0,13.0,0.0,19.0,8.0,3.0,0,False,False,True,3.0,144.0
2142.0,3.0,1.0,3.0,9.0,0.0,19.0,8.0,3.0,1,False,False,True,3.0,110.0
2196.0,3.0,1.0,4.0,8.0,0.0,19.0,8.0,4.0,1,False,False,True,3.0,111.0
1152.0,2.0,1.0,5.0,5.0,0.0,19.0,8.0,4.0,1,False,False,True,3.0,74.0
1651.0,4.0,2.0,7.0,13.0,3.0,14.0,0.0,3.0,1,True,False,False,4.0,160.0
2187.0,3.0,2.0,10.0,12.0,0.0,19.0,8.0,3.0,1,False,False,True,3.0,108.0
1260.0,2.0,2.0,2.0,5.0,2.0,19.0,8.0,4.0,1,False,False,True,2.0,59.0
1620.0,2.0,1.0,3.0,5.0,3.0,19.0,0.0,2.0,1,False,False,True,3.0,71.0
2394.0,3.0,1.0,3.0,6.0,2.0,19.0,0.0,2.0,1,False,False,True,3.0,90.0
2025.0,3.0,1.0,3.0,5.0,2.0,14.0,0.0,1.0,1,False,False,True,3.0,78.0
882.0,2.0,1.0,5.0,8.0,2.0,14.0,8.0,3.0,1,False,True,False,2.0,57.0
1215.0,2.0,1.0,4.0,8.0,3.0,11.0,8.0,3.0,1,False,False,True,2.0,56.0
1233.0,2.0,1.0,4.0,5.0,3.0,19.0,0.0,2.0,1,False,False,True,2.0,65.0
2151.0,3.0,1.0,11.0,13.0,0.0,19.0,8.0,4.0,1,False,False,True,3.0,89.0
782.0,2.0,2.0,11.0,14.0,3.0,19.0,0.0,3.0,1,False,True,False,2.0,72.0
2160.0,3.0,1.0,2.0,13.0,0.0,19.0,8.0,3.0,0,False,False,True,3.0,92.2
1440.0,2.0,1.0,2.0,13.0,0.0,19.0,8.0,3.0,0,False,False,True,2.0,62.85
1413.0,2.0,3.0,4.0,12.0,0.0,19.0,8.0,4.0,1,False,False,True,2.0,72.0
2070.0,3.0,1.0,1.0,13.0,0.0,19.0,8.0,3.0,0,False,False,True,3.0,82.8
854.0,3.0,1.0,4.0,8.0,0.0,19.0,2.0,3.0,1,False,True,False,3.0,86.0
2142.0,3.0,1.0,3.0,7.0,3.0,19.0,8.0,3.0,1,False,False,True,3.0,85.0
810.0,2.0,1.0,4.0,7.0,1.0,19.0,8.0,0.0,1,False,False,False,2.0,60.0
1188.0,3.0,1.0,12.0,13.0,3.0,14.0,8.0,3.0,1,False,True,False,3.0,99.0
1296.0,3.0,1.0,10.0,13.0,3.0,14.0,4.0,0.0,1,False,True,False,3.0,110.0
1242.0,2.0,1.0,3.0,5.0,3.0,19.0,2.0,2.0,1,False,True,False,2.0,45.0
1494.0,2.0,1.0,0.0,11.0,3.0,19.0,0.0,0.0,1,False,False,True,2.0,87.0
1260.0,2.0,1.0,0.0,8.0,2.0,11.0,0.0,2.0,1,True,False,False,2.0,54.0
1890.0,3.0,1.0,3.0,14.0,0.0,19.0,0.0,3.0,0,False,True,False,3.0,75.6
1683.0,2.0,1.0,5.0,13.0,3.0,19.0,0.0,3.0,0,False,True,False,2.0,65.45
4158.0,4.0,2.0,14.0,17.0,0.0,14.0,0.0,3.0,0,False,False,True,4.0,208.0
1190.0,3.0,3.0,3.0,13.0,3.0,14.0,0.0,3.0,1,False,False,True,3.0,116.0
1530.0,2.0,1.0,10.0,12.0,3.0,16.0,0.0,3.0,0,False,False,True,2.0,62.9
3735.0,4.0,3.0,4.0,8.0,0.0,9.0,0.0,3.0,0,False,False,True,4.0,180.0
865.0,1.0,1.0,12.0,35.0,3.0,5.0,0.0,3.0,0,False,False,True,1.0,77.85
6750.0,4.0,2.0,3.0,19.0,3.0,16.0,0.0,3.0,0,False,False,True,4.0,357.0
1710.0,2.0,3.0,6.0,14.0,0.0,11.0,0.0,3.0,0,False,False,True,2.0,67.0
2205.0,3.0,3.0,4.0,12.0,3.0,0.0,0.0,3.0,0,False,False,True,3.0,80.0
2295.0,3.0,2.0,4.0,13.0,3.0,19.0,0.0,3.0,0,False,False,True,3.0,90.0
2040.0,3.0,2.0,5.0,8.0,3.0,14.0,0.0,3.0,0,False,False,True,3.0,82.0
2754.0,3.0,1.0,2.0,13.0,3.0,14.0,0.0,3.0,0,False,False,True,3.0,126.0
1950.0,3.0,2.0,3.0,14.0,3.0,14.0,0.0,3.0,0,False,False,True,3.0,79.0
1566.0,2.0,2.0,4.0,13.0,3.0,16.0,0.0,3.0,0,False,False,True,2.0,75.0
3060.0,3.0,3.0,9.0,13.0,0.0,9.0,0.0,3.0,0,False,False,True,3.0,148.0
2835.0,3.0,1.0,4.0,19.0,3.0,4.0,0.0,3.0,0,False,False,True,3.0,125.0
1890.0,3.0,1.0,4.0,14.0,0.0,19.0,0.0,3.0,0,False,False,True,3.0,75.6
1426.0,3.0,2.0,13.0,35.0,0.0,5.0,0.0,3.0,0,False,False,True,3.0,128.0
2367.0,3.0,1.0,4.0,19.0,3.0,19.0,0.0,3.0,0,False,False,True,3.0,92.5
1359.0,2.0,2.0,4.0,14.0,3.0,19.0,0.0,3.0,0,False,False,True,2.0,55.5
1089.0,3.0,2.0,3.0,8.0,3.0,14.0,0.0,0.0,1,False,False,True,3.0,91.0
1548.0,2.0,1.0,4.0,13.0,3.0,19.0,0.0,3.0,0,False,False,True,2.0,60.2
2511.0,3.0,3.0,8.0,20.0,0.0,14.0,0.0,3.0,0,False,False,True,3.0,111.0
1495.0,2.0,1.0,10.0,14.0,0.0,5.0,0.0,3.0,0,False,False,True,2.0,86.0
871.0,2.0,1.0,8.5,25.0,0.0,5.0,8.0,4.0,0,False,True,False,2.0,157.0
2900.0,3.0,1.0,4.0,8.0,0.0,19.0,8.0,4.0,1,False,True,False,3.0,110.0
1674.0,3.0,2.0,3.0,7.0,1.0,33.0,8.0,3.0,1,False,False,True,3.0,75.0
2718.0,4.0,2.0,6.0,13.0,0.0,9.0,0.0,3.0,1,False,False,True,3.0,110.0
2358.0,3.0,3.0,4.0,14.0,3.0,19.0,2.0,3.0,0,False,True,False,3.0,89.0
1875.0,3.0,2.0,7.0,25.0,0.0,5.0,0.0,3.0,0,False,False,True,3.0,173.0
1325.0,2.0,1.0,9.0,25.0,0.0,5.0,0.0,3.0,0,False,False,True,2.0,122.0
4842.0,4.0,2.0,11.0,13.0,3.0,11.0,0.0,3.0,1,False,False,True,4.0,215.0
4158.0,5.0,1.0,7.0,17.0,0.0,14.0,0.0,3.0,0,False,False,True,4.0,208.0
3789.0,5.0,2.0,7.0,13.0,0.0,11.0,9.0,3.0,0,False,False,True,4.0,179.0
4410.0,4.0,1.0,7.0,13.0,2.0,9.0,0.0,3.0,1,False,False,True,4.0,211.0
2880.0,3.0,1.0,4.0,13.0,0.0,11.0,0.0,3.0,0,False,False,True,3.0,136.0
4005.0,4.0,1.0,8.0,14.0,0.0,19.0,0.0,3.0,0,False,False,True,4.0,182.0
4545.0,5.0,1.0,4.0,20.0,0.0,11.0,0.0,3.0,0,False,False,True,4.0,212.0
2412.0,3.0,1.0,6.0,8.0,0.0,16.0,0.0,3.0,0,False,False,True,3.0,121.0
1728.0,2.0,1.0,4.0,8.0,3.0,16.0,0.0,3.0,1,False,False,True,2.0,86.4
2686.0,3.0,2.0,8.5,25.0,3.0,5.0,8.0,3.0,0,False,False,True,3.0,255.0
2430.0,3.0,1.0,4.0,9.0,3.0,9.0,0.0,0.0,1,False,False,True,3.0,112.0
1773.0,3.0,1.0,2.0,6.0,2.0,14.0,8.0,3.0,1,False,False,True,3.0,72.0
2925.0,4.0,2.0,8.0,13.0,0.0,19.0,8.0,3.0,1,False,False,False,4.0,115.0
3825.0,4.0,1.0,7.0,14.0,0.0,19.0,0.0,3.0,1,True,False,False,4.0,170.0
4329.0,4.0,1.0,8.0,12.0,0.0,16.0,0.0,3.0,1,False,False,True,4.0,225.0
4383.0,4.0,1.0,3.0,7.0,3.0,16.0,0.0,3.0,1,False,False,True,4.0,238.0
4144.1015,4.0,1.0,7.0,11.0,0.0,8.0,8.0,3.0,1,False,False,True,4.0,158.0
4315.0,4.0,2.0,8.5,25.0,0.0,5.0,8.0,3.0,0,False,False,True,4.0,410.0
3660.0,4.0,2.0,8.5,25.0,0.0,5.0,8.0,3.0,0,False,False,True,4.0,348.0
2580.0,3.0,2.0,8.5,25.0,0.0,5.0,8.0,3.0,0,False,False,True,3.0,245.00000000000003
1945.0,2.0,1.0,8.5,25.0,0.0,5.0,8.0,3.0,0,False,False,True,2.0,185.0
1305.0,1.0,1.0,8.5,25.0,0.0,5.0,8.0,3.0,0,False,False,True,1.0,124.0
660.0,1.0,1.0,8.5,25.0,0.0,5.0,8.0,4.0,0,False,False,True,1.0,62.7
1540.0,2.0,1.0,8.5,25.0,0.0,5.0,8.0,4.0,0,False,False,True,2.0,146.0
1485.0,2.0,1.0,8.5,25.0,0.0,5.0,8.0,3.0,0,False,False,True,2.0,141.0
1175.0,2.0,1.0,8.5,25.0,0.0,5.0,8.0,3.0,0,False,False,True,2.0,112.0
3462.0,4.0,2.0,8.5,25.0,0.0,5.0,8.0,3.0,0,False,False,True,4.0,494.00000000000006
2625.0,4.0,2.0,8.5,25.0,0.0,5.0,8.0,4.0,0,False,False,True,4.0,356.0
2253.0,4.0,2.0,8.5,25.0,0.0,5.0,8.0,4.0,0,False,False,True,4.0,297.0
1278.0,3.0,2.0,1.0,8.0,3.0,9.0,0.0,2.0,1,False,False,False,3.0,57.0
1242.0,2.0,1.0,4.0,8.0,0.0,11.0,8.0,3.0,1,False,False,True,2.0,60.0
1395.0,2.0,1.0,4.0,8.0,1.0,19.0,7.0,3.0,1,False,False,True,2.0,63.0
3060.0,3.0,2.0,2.0,13.0,3.0,9.0,0.0,3.0,1,False,False,True,3.0,145.0
1395.0,2.0,1.0,2.0,5.0,3.0,19.0,0.0,2.0,1,False,False,True,2.0,60.0
1782.0,3.0,1.0,6.0,12.0,3.0,19.0,0.0,3.0,1,False,False,True,3.0,75.0
1755.0,2.0,1.0,2.0,5.0,3.0,14.0,0.0,2.0,1,False,False,True,2.0,70.0
1197.0,2.0,1.0,5.0,5.0,3.0,19.0,0.0,3.0,1,False,False,True,2.0,54.0
2160.0,3.0,1.0,9.0,12.0,0.0,14.0,8.0,3.0,0,False,False,True,3.0,91.2
1323.0,2.0,2.0,9.0,11.0,3.0,19.0,0.0,3.0,1,True,False,False,2.0,60.0
1486.0,3.0,3.0,2.0,7.0,3.0,19.0,0.0,0.0,1,False,True,False,3.0,105.0
2160.0,3.0,2.0,5.0,13.0,2.0,11.0,0.0,0.0,1,False,False,True,3.0,110.0
1017.0,3.0,2.0,0.0,7.0,3.0,27.0,2.0,1.0,1,False,False,True,3.0,110.0
782.0,2.0,1.0,5.0,14.0,3.0,19.0,0.0,3.0,1,False,True,False,2.0,75.0
1719.0,3.0,3.0,4.0,9.0,2.0,19.0,9.0,0.0,1,False,False,True,3.0,98.0
2691.0,3.0,1.0,6.0,13.0,0.0,33.0,0.0,3.0,0,False,False,True,3.0,91.19
2115.0,3.0,1.0,3.0,14.0,3.0,33.0,0.0,3.0,1,False,False,True,3.0,68.15
2187.0,3.0,2.0,10.0,14.0,0.0,19.0,2.0,3.0,1,False,False,True,3.0,110.0
2565.0,3.0,1.0,5.0,14.0,0.0,11.0,0.0,3.0,0,False,False,True,3.0,100.0
2250.0,3.0,2.0,13.0,50.0,2.0,11.0,0.0,0.0,1,True,False,False,3.0,120.0
2295.0,3.0,2.0,10.0,12.0,3.0,11.0,0.0,3.0,1,False,False,True,3.0,98.0
1548.0,2.0,1.0,4.0,8.0,1.0,16.0,8.0,3.0,1,False,False,True,2.0,83.0
2475.0,3.0,2.0,9.0,13.0,3.0,19.0,0.0,3.0,1,False,False,True,3.0,115.0
1845.0,3.0,1.0,1.0,8.0,3.0,11.0,0.0,3.0,1,False,False,True,3.0,70.0
1305.0,2.0,1.0,6.0,9.0,3.0,14.0,0.0,2.0,1,False,True,False,2.0,65.0
1269.0,2.0,1.0,5.0,7.0,3.0,11.0,0.0,1.0,1,False,False,True,2.0,65.0
1278.0,2.0,2.0,2.0,5.0,0.0,19.0,8.0,4.0,1,False,False,True,2.0,65.0
3186.0,4.0,1.0,5.0,13.0,3.0,19.0,0.0,3.0,1,False,False,True,4.0,151.0
1503.0,2.0,1.0,6.0,13.0,3.0,11.0,0.0,3.0,1,False,False,True,2.0,58.5
1791.0,3.0,1.0,10.0,13.0,3.0,11.0,0.0,3.0,1,False,False,True,3.0,85.0
1431.0,2.0,1.0,7.0,14.0,3.0,19.0,8.0,0.0,1,False,False,True,2.0,67.0
1269.0,2.0,1.0,5.0,5.0,3.0,19.0,0.0,2.0,1,False,False,True,2.0,60.0
1170.0,2.0,1.0,4.0,5.0,2.0,19.0,0.0,2.0,1,False,False,True,2.0,60.0
1845.0,3.0,1.0,9.0,13.0,3.0,11.0,0.0,3.0,1,False,False,True,3.0,80.0
2736.0,3.0,1.0,6.0,13.0,0.0,19.0,0.0,3.0,0,False,False,True,3.0,126.0
2041.0,4.0,2.0,6.0,13.0,0.0,19.0,0.0,3.0,1,False,False,False,4.0,139.0
2592.0,3.0,1.0,4.0,8.0,3.0,19.0,0.0,3.0,1,False,False,True,3.0,123.0
1161.0,2.0,1.0,3.0,5.0,0.0,14.0,0.0,3.0,1,False,False,True,2.0,52.0
831.0,3.0,1.0,1.0,11.0,3.0,19.0,0.0,3.0,1,False,False,False,3.0,70.0
1422.0,2.0,1.0,6.0,14.0,3.0,33.0,0.0,3.0,1,False,False,True,2.0,50.0
869.0,3.0,1.0,8.0,11.0,3.0,19.0,0.0,3.0,1,False,True,False,3.0,86.0
1557.0,3.0,1.0,7.0,11.0,0.0,19.0,8.0,3.0,1,False,False,True,3.0,70.0
1179.0,2.0,1.0,7.0,8.0,0.0,16.0,8.0,4.0,1,False,False,True,2.0,55.0
2655.0,3.0,2.0,6.0,20.0,0.0,14.0,8.0,3.0,0,False,False,True,3.0,110.0
3870.0,4.0,3.0,6.0,13.0,0.0,19.0,0.0,3.0,0,False,False,True,3.0,162.0
4320.0,5.0,3.0,6.0,22.0,0.0,16.0,0.0,3.0,0,False,False,True,4.0,200.0
5310.0,5.0,3.0,4.0,8.0,0.0,9.0,0.0,3.0,0,False,False,True,4.0,270.0
2349.0,4.0,2.0,6.0,13.0,3.0,31.0,0.0,3.0,0,False,False,True,3.0,105.0
2651.0,4.0,3.0,6.0,20.0,3.0,9.0,0.0,3.0,0,False,False,True,3.0,150.0
4275.0,5.0,3.0,6.0,14.0,3.0,9.0,0.0,3.0,0,False,False,True,4.0,190.0
1512.0,3.0,2.0,6.0,13.0,0.0,16.0,0.0,3.0,1,False,True,False,3.0,146.0
2862.0,3.0,2.0,6.0,13.0,3.0,14.0,0.0,3.0,0,False,False,True,3.0,135.0
1602.0,3.0,2.0,11.0,12.0,2.0,19.0,0.0,0.0,1,True,False,False,3.0,75.0
1071.0,2.0,1.0,3.0,5.0,3.0,19.0,2.0,0.0,1,False,False,True,2.0,55.0
1890.0,3.0,1.0,4.0,8.0,0.0,11.0,8.0,4.0,1,False,False,True,3.0,80.0
1755.0,3.0,3.0,2.0,13.0,3.0,19.0,2.0,3.0,1,True,False,False,3.0,105.0
1683.0,3.0,3.0,5.0,13.0,2.0,19.0,2.0,0.0,1,True,False,False,3.0,90.0
2124.0,3.0,3.0,2.0,9.0,3.0,19.0,2.0,0.0,1,True,False,False,3.0,105.0
2151.0,3.0,3.0,3.0,13.0,3.0,19.0,2.0,3.0,1,True,False,False,3.0,90.0
2151.0,3.0,3.0,11.0,13.0,3.0,19.0,2.0,3.0,1,True,False,False,3.0,90.0
1656.0,2.0,3.0,13.0,14.0,0.0,14.0,2.0,3.0,0,True,False,False,2.0,62.56
1593.0,2.0,3.0,6.0,14.0,3.0,14.0,2.0,3.0,0,True,False,False,2.0,64.61
963.0,3.0,1.0,4.0,8.0,3.0,19.0,8.0,4.0,1,False,True,False,3.0,72.0
1875.0,3.0,1.0,2.0,25.0,0.0,5.0,8.0,3.0,0,False,True,False,3.0,150.0
1511.0,2.0,1.0,23.0,25.0,0.0,5.0,8.0,3.0,0,False,False,True,2.0,166.0
2250.0,3.0,1.0,4.0,8.0,0.0,11.0,8.0,3.0,1,False,False,True,3.0,97.66
2259.0,3.0,1.0,4.0,8.0,0.0,11.0,8.0,3.0,1,False,False,True,3.0,87.0
1395.0,2.0,1.0,1.0,8.0,3.0,11.0,0.0,2.0,1,False,False,True,2.0,71.0
1278.0,3.0,2.0,1.0,8.0,2.0,11.0,0.0,2.0,1,False,False,False,3.0,57.0
2313.0,3.0,1.0,6.0,14.0,2.0,11.0,0.0,3.0,1,False,False,True,3.0,105.0
1876.0,3.0,2.0,8.5,25.0,0.0,5.0,8.0,3.0,0,False,False,True,3.0,240.0
1773.0,2.0,1.0,4.0,8.0,3.0,11.0,8.0,3.0,1,False,False,True,2.0,60.0
2520.0,2.0,1.0,6.0,11.0,0.0,19.0,8.0,4.0,0,False,True,False,2.0,91.0
1449.0,2.0,1.0,1.0,5.5,3.0,19.0,5.0,3.0,1,False,True,False,2.0,62.0
1728.0,2.0,2.0,5.0,8.0,3.0,16.0,0.0,3.0,1,False,False,True,2.0,118.0
2133.0,3.0,3.0,1.0,13.0,0.0,15.0,8.0,3.0,0,False,False,True,3.0,62.0
1485.0,2.0,1.0,1.0,13.0,0.0,19.0,8.0,3.0,0,False,False,True,2.0,59.4
630.0,1.0,1.0,8.5,25.0,0.0,5.0,8.0,4.0,0,False,False,True,1.0,59.85
2700.0,3.0,1.0,4.0,8.0,0.0,9.0,8.0,4.0,0,False,False,True,3.0,125.0
1410.0,3.0,1.0,9.0,13.0,0.0,9.0,8.0,3.0,1,False,False,False,3.0,114.0
1384.0,2.0,1.0,8.5,25.0,0.0,5.0,8.0,4.0,0,False,False,True,2.0,138.0
2430.0,1.0,2.0,7.0,11.0,0.0,31.0,8.0,3.0,1,False,False,False,2.0,70.0
2484.0,3.0,1.0,4.0,8.0,0.0,19.0,8.0,3.0,1,False,False,True,3.0,110.0
2142.0,2.0,1.0,4.0,8.0,0.0,19.0,8.0,3.0,1,False,False,True,3.0,120.0
945.0,2.0,2.0,2.0,3.0,3.0,33.0,0.0,3.0,1,False,False,True,2.0,41.0
1395.0,2.0,1.0,8.0,13.0,3.0,31.0,0.0,0.0,1,False,False,True,2.0,55.0
990.0,2.0,2.0,2.0,5.0,3.0,19.0,0.0,2.0,1,False,True,False,2.0,53.0
1976.0,3.0,2.0,8.5,25.0,0.0,5.0,8.0,4.0,0,False,False,True,3.0,260.0
3462.0,4.0,2.0,8.5,25.0,0.0,5.0,8.0,4.0,0,False,False,True,4.0,494.00000000000006
2625.0,4.0,2.0,8.5,25.0,0.0,5.0,8.0,4.0,0,False,False,True,4.0,358.0
2473.0,4.0,2.0,8.5,25.0,0.0,5.0,8.0,4.0,0,False,False,True,4.0,341.0
2253.0,4.0,2.0,8.5,25.0,0.0,5.0,8.0,4.0,0,False,False,True,4.0,296.0
1876.0,3.0,2.0,8.5,25.0,0.0,5.0,8.0,4.0,0,False,False,True,3.0,251.0
950.0,1.0,1.0,8.5,25.0,0.0,5.0,8.0,4.0,0,False,False,True,1.0,110.0
3100.0,4.0,2.0,8.5,25.0,0.0,5.0,8.0,4.0,0,False,False,True,4.0,326.0
2241.0,3.0,2.0,8.5,25.0,0.0,5.0,8.0,4.0,0,False,False,True,3.0,246.0
900.0,1.0,1.0,8.5,25.0,0.0,5.0,8.0,4.0,0,False,False,True,1.0,95.0
1550.0,2.0,1.0,8.5,25.0,0.0,5.0,8.0,4.0,0,False,False,True,2.0,165.0
2030.0,3.0,2.0,8.5,25.0,0.0,5.0,8.0,4.0,0,False,False,True,3.0,254.0
2180.0,3.0,2.0,8.5,25.0,0.0,5.0,8.0,4.0,0,False,False,True,3.0,272.0
1876.0,3.0,1.0,19.0,35.0,0.0,5.0,8.0,3.0,0,False,False,True,3.0,250.0
1845.0,3.0,1.0,6.0,14.0,3.0,8.0,0.0,3.0,1,False,False,True,3.0,68.68
1440.0,2.0,1.0,1.0,11.0,3.0,19.0,0.0,0.0,1,False,False,True,2.0,70.0
911.0,2.0,1.0,6.0,10.0,3.0,16.0,8.0,3.0,1,False,True,False,2.0,63.48
1800.0,4.0,2.0,4.0,8.0,0.0,19.0,8.0,4.0,1,False,True,False,4.0,150.0
882.0,2.0,1.0,4.0,5.0,2.0,19.0,2.0,2.0,1,False,False,True,2.0,65.0
1377.0,2.0,2.0,4.0,6.0,3.0,19.0,2.0,0.0,1,False,False,True,2.0,65.0
2520.0,3.0,2.0,3.0,10.0,3.0,11.0,2.0,0.0,1,False,True,False,3.0,100.0
2160.0,3.0,2.0,8.0,9.0,3.0,12.0,8.0,0.0,1,False,False,True,3.0,80.0
1332.0,2.0,1.0,4.0,8.0,2.0,19.0,8.0,3.0,1,False,False,True,2.0,63.0
2049.0,3.0,2.0,2.0,13.0,3.0,19.0,2.0,0.0,1,False,True,False,3.0,85.0
2340.0,3.0,2.0,3.0,8.0,3.0,19.0,3.0,0.0,1,False,True,False,3.0,120.0
2223.0,3.0,2.0,3.0,7.0,3.0,19.0,2.0,0.0,1,False,True,False,3.0,110.0
1665.0,3.0,1.0,4.0,9.0,3.0,11.0,0.0,3.0,1,False,False,True,3.0,82.0
2205.0,3.0,1.0,3.0,9.0,0.0,19.0,8.0,4.0,1,False,False,True,3.0,110.0
1962.0,3.0,2.0,6.0,13.0,0.0,19.0,8.0,4.0,1,False,False,True,3.0,110.0
630.0,2.0,2.0,22.0,33.0,3.0,5.0,9.0,0.0,1,False,True,False,2.0,150.0
1233.0,2.0,2.0,1.0,4.0,0.0,19.0,8.0,4.0,1,False,False,True,2.0,62.0
1125.0,2.0,2.0,4.0,5.0,0.0,19.0,8.0,4.0,1,False,False,True,2.0,52.0
1728.0,3.0,1.0,4.0,8.0,1.0,19.0,8.0,3.0,1,False,True,False,3.0,85.0
2709.0,3.0,1.0,7.0,13.0,3.0,11.0,0.0,3.0,0,False,False,True,3.0,115.0
747.0,2.0,1.0,3.0,13.0,0.0,14.0,8.0,0.0,1,False,True,False,2.0,75.0
1197.0,2.0,1.0,2.0,5.0,3.0,19.0,0.0,2.0,1,False,False,True,2.0,52.0
1977.0,3.0,2.0,15.0,35.0,0.0,5.0,8.0,3.0,0,False,False,True,3.0,220.00000000000003
2475.0,3.0,2.0,6.0,13.0,0.0,19.0,0.0,3.0,0,False,False,True,3.0,100.0
1800.0,2.0,1.0,4.0,8.0,0.0,19.0,8.0,3.0,0,False,False,True,2.0,66.0
1215.0,3.0,2.0,4.0,8.0,0.0,11.0,4.0,3.0,1,False,True,False,3.0,100.0
1098.0,3.0,1.0,4.0,8.0,1.0,9.0,8.0,3.0,1,False,True,False,3.0,100.0
1500.0,4.0,2.0,4.0,8.0,0.0,19.0,0.0,3.0,1,False,True,False,4.0,90.0
2308.0,3.0,1.0,4.0,8.0,0.0,19.0,8.0,4.0,0,False,True,False,3.0,100.0
3330.0,4.0,3.0,2.0,13.0,0.0,19.0,2.0,3.0,0,False,False,True,4.0,130.0
2205.0,3.0,1.0,11.0,13.0,0.0,11.0,0.0,3.0,0,False,False,True,3.0,91.88
2529.0,3.0,1.0,7.0,13.0,3.0,11.0,0.0,3.0,0,False,False,True,3.0,105.0
746.0,2.0,1.0,8.5,25.0,0.0,5.0,8.0,4.0,1,False,True,False,2.0,135.0
1854.0,3.0,1.0,2.0,10.0,3.0,19.0,0.0,3.0,1,False,True,False,3.0,84.0
1728.0,2.0,2.0,5.0,8.0,3.0,16.0,0.0,3.0,1,False,False,True,2.0,80.0
1260.0,2.0,1.0,4.0,5.0,3.0,11.0,0.0,2.0,1,False,False,True,2.0,56.0
2322.0,3.0,3.0,8.0,11.0,3.0,16.0,0.0,4.0,1,False,True,False,3.0,99.0
1506.0,2.0,1.0,5.0,8.0,1.0,14.0,8.0,3.0,1,False,True,False,2.0,75.0
1215.0,2.0,1.0,4.0,5.0,2.0,19.0,0.0,1.0,1,False,False,True,2.0,58.0
1503.0,2.0,1.0,10.0,13.0,0.0,11.0,8.0,4.0,0,False,False,True,2.0,62.0
864.0,1.0,1.0,2.0,5.0,3.0,33.0,0.0,2.0,1,False,False,True,1.0,32.0
1080.0,2.0,1.0,7.0,7.0,3.0,33.0,0.0,3.0,1,False,False,True,2.0,40.0
1700.0,3.0,1.0,4.0,5.0,3.0,9.0,0.0,3.0,1,False,False,True,3.0,86.0
686.0,2.0,1.0,4.0,12.0,3.0,19.0,0.0,3.0,1,False,True,False,2.0,65.0
777.0,2.0,1.0,8.0,24.0,3.0,5.0,1.0,3.0,1,False,False,False,2.0,140.0
1314.0,2.0,1.0,6.0,7.0,0.0,33.0,8.0,4.0,1,False,False,True,2.0,50.0
1458.0,2.0,1.0,4.0,5.0,0.0,14.0,8.0,4.0,1,False,False,True,2.0,45.0
762.0,1.0,1.0,4.0,8.0,0.0,19.0,8.0,4.0,1,False,False,True,1.0,35.0
1710.0,3.0,1.0,7.0,10.0,3.0,16.0,0.0,3.0,1,False,False,True,3.0,80.0
963.0,2.0,1.0,3.0,8.0,3.0,19.0,5.0,2.0,1,False,False,True,2.0,47.0
344.0,1.0,1.0,5.0,5.0,0.0,13.0,8.0,1.0,1,False,False,True,1.0,29.0
1323.0,2.0,1.0,5.0,7.0,3.0,14.0,0.0,3.0,1,False,False,True,2.0,60.0
1764.0,3.0,1.0,1.0,5.0,3.0,19.0,0.0,2.0,1,False,False,True,3.0,80.0
1305.0,2.0,1.0,2.0,6.0,0.0,14.0,8.0,2.0,1,False,False,True,2.0,60.0
1854.0,3.0,2.0,9.0,13.0,3.0,19.0,0.0,3.0,1,False,False,True,3.0,80.0
1800.0,3.0,3.0,1.0,14.0,0.0,19.0,8.0,3.0,0,False,False,True,3.0,75.0
3573.0,4.0,3.0,0.0,21.0,0.0,11.0,0.0,3.0,0,True,False,False,3.0,155.0
1080.0,2.0,2.0,5.0,5.0,3.0,3.0,9.0,3.0,1,False,False,True,2.0,35.0
2484.0,3.0,1.0,4.0,8.0,0.0,19.0,8.0,4.0,1,False,True,False,3.0,118.0
2594.0999,3.0,1.0,4.0,8.0,0.0,19.0,8.0,4.0,1,False,False,True,3.0,121.0
2695.0,3.0,2.0,8.5,25.0,0.0,5.0,8.0,4.0,0,False,False,True,3.0,229.0
1875.0,3.0,2.0,8.5,25.0,0.0,5.0,8.0,4.0,0,False,False,True,3.0,155.0
1080.0,2.0,2.0,8.0,13.0,3.0,19.0,0.0,3.0,1,False,False,True,3.0,75.0
2110.0,3.0,2.0,8.5,25.0,0.0,5.0,8.0,3.0,0,False,False,True,3.0,290.0
1842.0,3.0,2.0,8.5,25.0,0.0,5.0,8.0,3.0,0,False,False,True,3.0,247.00000000000003
1890.0,2.0,2.0,2.0,10.0,3.0,11.0,2.0,0.0,1,False,True,False,2.0,65.0
2565.0,3.0,1.0,7.0,13.0,0.0,11.0,8.0,3.0,0,False,False,False,3.0,121.0
2475.0,3.0,1.0,9.0,10.0,3.0,8.0,0.0,3.0,1,False,False,True,3.0,113.0
2700.0,3.0,1.0,5.0,10.0,0.0,33.0,0.0,3.0,0,False,False,True,3.0,91.5
1845.0,3.0,1.0,7.0,8.0,3.0,11.0,0.0,0.0,1,False,False,True,3.0,69.5
1170.0,2.0,1.0,1.0,3.0,3.0,33.0,0.0,3.0,1,False,False,True,2.0,42.0
2475.0,3.0,1.0,7.0,11.0,0.0,8.0,8.0,3.0,1,False,False,True,3.0,113.0
1179.0,2.0,1.0,5.0,8.0,3.0,33.0,0.0,0.0,1,False,False,True,2.0,45.0
1170.0,2.0,1.0,6.0,7.0,3.0,33.0,0.0,0.0,1,False,False,True,2.0,43.0
810.0,1.0,1.0,1.0,3.0,3.0,33.0,0.0,2.0,1,False,False,True,1.0,34.0
1845.0,3.0,1.0,7.0,11.0,0.0,8.0,8.0,4.0,0,False,False,True,3.0,61.5
1845.0,3.0,1.0,9.0,13.0,0.0,11.0,6.0,3.0,1,False,False,True,3.0,70.0
2313.0,3.0,1.0,10.0,10.0,3.0,19.0,0.0,0.0,1,False,False,True,3.0,130.0
1242.0,2.0,1.0,6.0,7.0,3.0,31.0,0.0,0.0,1,False,False,True,2.0,55.0
2952.0,4.0,2.0,4.0,8.0,3.0,11.0,8.0,4.0,1,True,False,False,4.0,135.0
2025.0,3.0,1.0,4.0,8.0,0.0,19.0,8.0,4.0,0,False,False,True,3.0,78.75
2025.0,3.0,3.0,6.0,13.0,0.0,19.0,0.0,3.0,0,False,False,True,3.0,85.85
2673.0,3.0,1.0,4.0,8.0,0.0,19.0,8.0,4.0,1,False,True,False,3.0,101.0
1305.0,2.0,1.0,4.0,8.0,0.0,11.0,8.0,3.0,1,True,False,False,2.0,52.0
2673.0,3.0,1.0,4.0,8.0,0.0,19.0,8.0,3.0,1,True,False,False,3.0,108.0
1395.0,2.0,1.0,5.0,11.0,2.0,19.0,8.0,3.0,1,True,False,False,2.0,62.0
1593.0,2.0,1.0,4.0,13.0,0.0,19.0,8.0,4.0,0,False,True,False,2.0,67.0
2308.0,3.0,2.0,13.0,14.0,0.0,19.0,8.0,4.0,0,False,True,False,3.0,134.0
1377.0,2.0,2.0,1.0,6.0,0.0,19.0,8.0,2.0,1,False,False,True,2.0,62.0
1566.0,2.0,1.0,7.0,14.0,0.0,11.0,8.0,3.0,0,False,False,True,2.0,58.0
2466.0,3.0,2.0,5.0,14.0,0.0,19.0,8.0,3.0,0,False,False,True,3.0,98.0
2322.0,3.0,2.0,7.0,14.0,0.0,19.0,8.0,3.0,0,True,False,False,3.0,92.0
869.0,3.0,2.0,7.0,11.0,0.0,19.0,8.0,3.0,1,False,True,False,3.0,81.0
3141.0,4.0,3.0,5.0,10.0,2.0,19.0,8.0,3.0,0,False,False,True,4.0,140.0
2439.0,3.0,3.0,5.0,14.0,0.0,31.0,8.0,3.0,0,False,False,True,3.0,94.85
1600.0,2.0,1.0,4.0,8.0,0.0,9.0,8.0,4.0,1,True,False,False,2.0,53.0
1998.0,3.0,1.0,6.0,13.0,0.0,14.0,0.0,3.0,1,False,False,True,3.0,120.0
1800.0,3.0,1.0,4.0,8.0,0.0,19.0,8.0,3.0,1,False,False,True,3.0,81.81
2295.0,3.0,1.0,0.0,1.0,3.0,11.0,7.0,3.0,0,False,False,True,3.0,93.07
1602.0,2.0,3.0,2.0,13.0,0.0,15.0,8.0,3.0,0,False,False,True,2.0,46.0
1710.0,3.0,1.0,4.0,8.0,0.0,16.0,8.0,4.0,1,False,True,False,3.0,80.0
1485.0,2.0,3.0,1.0,7.0,0.0,15.0,8.0,3.0,1,False,False,True,2.0,47.0
1511.0,2.0,1.0,8.5,25.0,0.0,5.0,8.0,4.0,0,False,False,True,2.0,128.0
900.0,2.0,2.0,2.0,7.0,3.0,19.0,0.0,0.0,1,False,True,False,2.0,50.0
1320.0,3.0,1.0,4.0,8.0,1.0,16.0,8.0,3.0,1,False,True,False,3.0,98.0
1134.0,2.0,1.0,3.0,5.0,1.0,19.0,2.0,0.0,1,False,False,True,2.0,60.0
1044.0,2.0,2.0,4.0,8.0,3.0,19.0,0.0,3.0,1,False,False,True,2.0,61.0
1845.0,3.0,1.0,4.0,14.0,0.0,8.0,0.0,3.0,0,False,False,True,3.0,70.0
1000.0,2.0,1.0,5.0,33.0,3.0,5.0,0.0,3.0,0,False,False,True,1.0,111.0
2020.0,3.0,2.0,9.0,33.0,0.0,5.0,0.0,3.0,0,False,False,True,3.0,248.0
800.0,1.0,1.0,8.0,33.0,3.0,5.0,0.0,3.0,0,False,False,True,1.0,80.0
1400.0,2.0,2.0,10.0,13.0,3.0,5.0,0.0,3.0,0,False,False,True,2.0,183.0
1500.0,2.0,1.0,8.5,25.0,0.0,5.0,8.0,4.0,0,False,False,True,2.0,130.0
600.0,1.0,1.0,4.0,8.0,2.0,19.0,8.0,3.0,1,False,True,False,1.0,34.0
1125.0,2.0,1.0,5.0,10.0,3.0,19.0,2.0,0.0,1,False,True,False,2.0,48.0
1260.0,2.0,1.0,4.0,5.0,3.0,19.0,0.0,1.0,1,False,False,True,2.0,50.0
1511.0,2.0,1.0,8.5,25.0,0.0,5.0,8.0,4.0,0,False,False,True,2.0,128.0
1080.0,2.0,1.0,2.0,6.0,0.0,6.0,8.0,4.0,1,False,True,False,2.0,40.0
810.0,1.0,1.0,2.0,6.0,0.0,6.0,8.0,4.0,1,False,True,False,1.0,18.0
855.0,2.0,1.0,5.0,8.0,0.0,14.0,8.0,3.0,1,False,True,False,2.0,46.0
1404.0,2.0,2.0,2.0,11.0,0.0,19.0,0.0,3.0,0,False,False,True,2.0,58.51
1683.0,3.0,1.0,8.0,11.0,2.0,19.0,2.0,3.0,1,True,False,False,3.0,70.0
1476.0,2.0,1.0,4.0,13.0,3.0,16.0,0.0,0.0,1,False,False,True,2.0,65.0
1255.0,3.0,3.0,2.0,14.0,3.0,19.0,9.0,3.0,1,False,True,False,3.0,95.0
900.0,1.0,1.0,3.0,8.0,0.0,19.0,0.0,3.0,0,False,False,True,1.0,40.0
1305.0,2.0,1.0,2.0,8.0,3.0,19.0,0.0,3.0,0,False,False,True,2.0,50.0
2259.0,3.0,1.0,5.0,8.0,0.0,14.0,8.0,4.0,1,False,False,True,3.0,118.0
1728.0,3.0,3.0,12.0,13.0,3.0,19.0,2.0,3.0,1,True,False,False,3.0,72.0
2736.0,3.0,3.0,13.0,13.0,0.0,19.0,2.0,3.0,1,True,False,False,3.0,92.0
907.0,3.0,2.0,7.0,8.0,3.0,16.0,2.0,3.0,1,False,True,False,3.0,67.0
738.0,1.0,1.0,3.0,3.0,0.0,15.0,8.0,4.0,1,False,False,True,1.0,25.0
1395.0,2.0,3.0,5.0,7.0,3.0,19.0,2.0,0.0,1,True,False,False,2.0,60.0
1872.0,3.0,1.0,7.0,15.0,2.0,19.0,0.0,3.0,1,False,False,True,3.0,105.0
1260.0,2.0,3.0,1.0,5.0,3.0,19.0,2.0,2.0,1,True,False,False,2.0,50.0
1268.0,2.0,1.0,5.0,6.0,0.0,19.0,8.0,2.0,1,False,False,True,2.0,55.0
1242.0,2.0,1.0,1.0,6.0,0.0,19.0,8.0,2.0,1,False,True,False,2.0,55.0
1044.0,2.0,2.0,7.0,11.0,0.0,19.0,8.0,0.0,1,False,False,True,2.0,66.0
1550.0,2.0,3.0,10.0,14.0,0.0,19.0,8.0,3.0,0,False,False,False,2.0,60.0
1095.0,2.0,2.0,21.0,33.0,3.0,5.0,0.0,3.0,1,False,False,True,2.0,118.0
1575.0,2.0,1.0,3.0,14.0,3.0,11.0,0.0,3.0,0,False,False,True,2.0,60.0
1224.0,2.0,1.0,6.0,7.0,0.0,9.0,8.0,4.0,1,False,False,True,2.0,44.0
630.0,1.0,1.0,1.0,10.0,3.0,19.0,2.0,1.0,1,False,True,False,1.0,40.0
2637.0,3.0,3.0,3.0,7.0,3.0,11.0,2.0,0.0,1,True,False,False,3.0,142.0
2190.0,3.0,3.0,6.0,13.0,0.0,14.0,8.0,3.0,1,False,False,True,3.0,98.0
1197.0,2.0,1.0,2.0,5.0,3.0,19.0,0.0,2.0,1,False,False,True,2.0,53.0
1278.0,2.0,1.0,4.0,6.0,0.0,19.0,8.0,2.0,1,True,False,False,2.0,52.0
1260.0,2.0,1.0,1.0,6.0,2.0,31.0,8.0,2.0,1,False,True,False,2.0,58.0
3816.0,4.0,3.0,13.0,13.0,0.0,19.0,2.0,0.0,1,False,True,False,4.0,190.0
2520.0,2.0,2.0,5.0,8.0,3.0,16.0,0.0,3.0,1,False,False,True,3.0,118.0
2925.0,3.0,1.0,4.0,8.0,0.0,16.0,8.0,3.0,0,False,False,True,3.0,130.0
1287.0,3.0,1.0,8.0,13.0,0.0,19.0,8.0,3.0,1,False,False,True,3.0,78.0
675.0,2.0,1.0,4.0,5.0,3.0,19.0,7.0,3.0,1,False,True,False,1.0,35.0
1170.0,2.0,1.0,2.0,3.0,3.0,33.0,0.0,2.0,1,False,False,True,2.0,38.0
1278.0,2.0,1.0,4.0,8.0,2.0,19.0,8.0,3.0,1,False,False,True,2.0,50.0
796.536,1.0,1.0,2.0,6.0,2.0,9.0,8.0,1.0,1,False,True,False,2.0,65.0
1080.0,2.0,1.0,3.0,3.0,3.0,33.0,8.0,3.0,1,False,False,False,2.0,27.0
1334.736,4.0,2.0,6.0,15.0,3.0,9.0,8.0,3.0,0,False,True,False,4.0,150.0
1692.0,3.0,1.0,5.0,8.0,0.0,14.0,8.0,4.0,1,False,False,False,3.0,82.0
1692.0,3.0,1.0,2.0,6.0,1.0,5.0,8.0,3.0,1,False,False,False,3.0,80.0
579.3130979999999,2.0,1.0,2.0,6.0,3.0,6.0,4.0,3.0,1,False,True,False,2.0,22.0
1854.0,3.0,1.0,0.0,1.0,0.0,19.0,8.0,3.0,1,True,False,False,3.0,85.0
1001.052,2.0,1.0,1.0,5.5,0.0,6.0,8.0,3.0,1,False,True,False,2.0,32.0
1173.2759999999998,2.0,1.0,2.0,6.0,3.0,33.0,8.0,2.0,1,False,True,False,2.0,42.0
1325.0,2.0,1.0,2.0,6.0,2.0,5.0,8.0,3.0,1,False,False,True,2.0,28.0
463.4504784,1.0,1.0,2.0,3.0,0.0,2.0,8.0,1.0,1,False,True,False,1.0,12.0
1614.585,1.0,1.0,0.0,1.0,2.0,33.0,8.0,3.0,1,True,False,False,1.0,35.0
384.0,1.0,1.0,1.0,4.0,3.0,6.0,9.0,0.0,1,False,False,False,1.0,21.0
2520.0,1.0,1.0,0.0,1.0,0.0,16.0,8.0,3.0,1,True,False,False,1.0,120.0
2619.0,3.0,1.0,4.0,8.0,0.0,16.0,8.0,4.0,1,False,True,False,3.0,110.0
1188.0,2.0,1.0,0.0,1.0,3.0,13.0,8.0,3.0,1,True,False,False,2.0,38.0
1242.0,2.0,1.0,4.0,8.0,0.0,11.0,8.0,4.0,1,False,True,False,2.0,50.0
1000.0,3.0,3.0,2.0,6.0,0.0,2.0,8.0,4.0,1,False,True,False,3.0,70.0
2277.0,3.0,1.0,4.0,8.0,0.0,16.0,8.0,4.0,1,False,True,False,3.0,125.0
528.0,1.0,1.0,1.0,4.0,2.0,6.0,8.0,2.0,1,False,False,True,1.0,20.0
581.2506,1.0,1.0,4.0,8.0,0.0,19.0,8.0,4.0,1,True,False,False,1.0,35.0
1854.0,3.0,1.0,8.0,14.0,3.0,19.0,8.0,3.0,1,False,False,True,3.0,78.0
529.0,2.0,1.0,7.0,33.0,0.0,5.0,8.0,3.0,0,False,True,False,1.0,111.0
2600.0,4.0,3.0,4.5,7.0,1.0,29.0,8.0,1.0,1,False,True,False,4.0,221.0
1602.0,2.0,3.0,12.0,14.0,1.0,31.0,8.0,3.0,1,False,False,True,3.0,86.0
400.0,1.0,1.0,1.0,3.0,2.0,6.0,4.0,0.0,1,False,True,False,1.0,56.0
1215.0,2.0,1.0,5.0,5.0,2.0,19.0,8.0,3.0,1,True,False,False,2.0,32.0
1500.0,2.0,2.0,5.0,7.0,0.0,13.0,8.0,2.0,1,False,False,True,2.0,75.0
1152.0,2.0,1.0,5.0,5.0,3.0,19.0,0.0,2.0,1,False,False,True,2.0,47.0
1197.0,2.0,1.0,5.0,5.0,0.0,19.0,1.0,0.0,1,True,False,False,2.0,52.0
680.0,2.0,1.0,2.0,8.0,3.0,19.0,2.0,0.0,1,False,False,False,2.0,48.0
790.0,3.0,2.0,8.0,12.0,3.0,16.0,2.0,3.0,1,False,True,False,3.0,65.0
1255.0,3.0,2.0,6.0,14.0,3.0,19.0,2.0,3.0,1,False,True,False,3.0,95.0
1197.0,2.0,1.0,5.0,8.0,1.0,19.0,8.0,3.0,1,False,True,False,2.0,70.0
2502.0,3.0,1.0,4.0,8.0,2.0,19.0,4.0,0.0,1,True,False,False,3.0,127.0
1260.0,2.0,2.0,4.0,5.0,0.0,11.0,8.0,0.0,1,True,False,False,2.0,55.0
1872.0,3.0,1.0,8.0,14.0,3.0,19.0,8.0,3.0,1,False,False,True,3.0,83.0
1844.0,3.0,2.0,2.0,5.0,0.0,19.0,8.0,2.0,1,False,False,True,3.0,80.0
1255.0,3.0,1.0,7.0,14.0,0.0,19.0,8.0,3.0,1,False,False,False,3.0,95.0
739.0,2.0,1.0,1.0,8.0,3.0,16.0,2.0,0.0,1,False,True,False,2.0,50.0
1755.0,3.0,2.0,9.0,11.0,3.0,33.0,8.0,3.0,1,False,True,False,3.0,62.0
1008.0,2.0,1.0,3.0,5.0,0.0,14.0,6.0,3.0,1,False,False,True,2.0,37.0
1260.0,2.0,1.0,4.0,8.0,3.0,9.0,5.0,3.0,1,False,False,True,2.0,42.0
1200.0,2.0,1.0,4.0,5.0,0.0,6.0,8.0,2.0,1,False,True,False,2.0,32.0
2880.0,4.0,2.0,7.0,14.0,1.0,19.0,0.0,3.0,1,False,False,True,4.0,250.0
1494.0,3.0,1.0,4.0,8.0,0.0,19.0,8.0,4.0,1,False,True,False,3.0,160.0
1300.0,2.0,2.0,3.0,7.0,1.0,15.0,8.0,4.0,1,True,False,False,2.0,50.0
860.0,2.0,1.0,3.0,7.0,0.0,33.0,8.0,3.0,1,False,False,True,1.0,33.51
592.0145,1.0,1.0,6.0,7.0,3.0,6.0,8.0,0.0,1,False,True,False,1.0,25.0
592.0145,1.0,1.0,6.0,7.0,3.0,6.0,8.0,3.0,1,False,True,False,1.0,22.5
1683.0,3.0,1.0,8.0,11.0,3.0,19.0,8.0,3.0,1,False,False,True,3.0,64.51
1953.0,2.0,1.0,3.0,7.0,0.0,11.0,8.0,0.0,1,False,True,False,3.0,78.0
1200.0,2.0,1.0,4.0,8.0,0.0,19.0,8.0,4.0,1,False,True,False,2.0,45.0
815.0,2.0,1.0,3.0,6.0,0.0,5.0,8.0,0.0,1,False,True,False,2.0,65.0
1125.0,2.0,1.0,3.0,7.0,0.0,19.0,8.0,2.0,1,False,True,False,2.0,50.0
1400.0,5.0,3.0,2.0,2.0,1.0,13.0,8.0,1.0,1,False,True,False,5.0,190.0
1008.0,2.0,1.0,4.0,5.0,3.0,14.0,0.0,2.0,1,False,False,True,2.0,40.0
1602.0,2.0,1.0,4.0,8.0,0.0,11.0,8.0,4.0,0,False,True,False,2.0,63.0
945.0,2.0,1.0,4.0,8.0,0.0,6.0,8.0,2.0,1,False,False,True,2.0,35.0
529.0,2.0,2.0,0.0,1.0,0.0,5.0,8.0,3.0,1,True,False,False,1.0,95.0
2025.0,3.0,1.0,4.0,8.0,0.0,19.0,8.0,4.0,1,True,False,False,3.0,85.0
1161.0,2.0,1.0,4.0,7.0,0.0,19.0,8.0,2.0,1,False,False,True,2.0,49.0
1216.332,2.0,1.0,4.0,8.0,3.0,11.0,8.0,3.0,1,False,True,False,2.0,51.0
1260.0,2.0,1.0,9.0,13.0,3.0,16.0,8.0,3.0,1,False,True,False,2.0,56.0
1413.0,2.0,3.0,9.0,13.0,3.0,19.0,0.0,3.0,1,False,False,True,2.0,72.0
1098.0,2.0,1.0,1.0,5.0,0.0,19.0,8.0,1.0,1,False,False,True,2.0,42.5
2160.0,3.0,3.0,6.0,13.0,0.0,19.0,8.0,3.0,1,False,False,True,3.0,80.0
2223.0,3.0,1.0,5.0,13.0,3.0,14.0,0.0,3.0,1,False,False,True,3.0,110.0
1100.0,3.0,1.0,5.0,5.0,3.0,11.0,1.0,2.0,1,False,True,False,3.0,85.0
1071.0,2.0,1.0,0.0,5.0,0.0,13.0,8.0,0.0,1,False,True,False,2.0,35.0
2025.0,3.0,1.0,9.0,13.0,1.0,11.0,8.0,0.0,1,False,True,False,3.0,130.0
1323.0,2.0,1.0,2.0,5.0,3.0,19.0,0.0,0.0,1,False,False,True,2.0,50.0
963.0,2.0,1.0,2.0,5.0,3.0,19.0,0.0,0.0,1,False,False,True,2.0,42.0
666.0,1.0,1.0,1.0,5.0,3.0,19.0,0.0,3.0,1,False,True,False,1.0,36.5
3153.8227,3.0,1.0,4.0,8.0,0.0,11.0,8.0,4.0,1,False,True,False,3.0,220.00000000000003
1883.0,2.0,2.0,9.0,13.0,0.0,19.0,8.0,3.0,1,False,False,True,2.0,70.0
1260.0,2.0,1.0,4.0,8.0,0.0,11.0,8.0,4.0,1,False,False,True,2.0,54.0
1095.0,2.0,2.0,9.0,33.0,2.0,5.0,0.0,0.0,1,False,False,True,2.0,115.0
1689.9323,2.0,1.0,9.0,13.0,2.0,19.0,8.0,3.0,1,False,True,False,2.0,70.0
630.0,1.0,1.0,3.0,7.0,0.0,10.0,8.0,4.0,1,False,False,True,1.0,18.5
2520.0,3.0,1.0,4.0,8.0,0.0,11.0,8.0,4.0,1,False,False,True,3.0,100.0
1305.0,2.0,1.0,2.0,7.0,2.0,11.0,8.0,2.0,1,False,False,True,2.0,65.0
1250.0,2.0,3.0,4.5,7.0,0.0,4.0,8.0,3.0,1,False,True,False,3.0,37.71
2835.0,3.0,1.0,13.0,13.0,0.0,19.0,8.0,0.0,1,False,False,True,3.0,150.0
1200.0,2.0,3.0,4.0,8.0,0.0,19.0,8.0,3.0,1,False,False,True,2.0,49.0
1200.0,2.0,2.0,2.0,6.0,0.0,2.0,8.0,4.0,1,False,True,False,2.0,38.0
4050.0,4.0,2.0,5.0,18.0,0.0,9.0,8.0,3.0,0,False,False,True,4.0,180.0
1089.0,2.0,1.0,0.0,1.0,0.0,13.0,8.0,3.0,1,True,False,False,2.0,55.0
1773.0,3.0,2.0,0.0,1.0,0.0,11.0,8.0,3.0,1,True,False,False,3.0,85.0
1854.0,3.0,1.0,10.0,14.0,3.0,19.0,8.0,3.0,1,False,False,True,3.0,80.5
1785.0,3.0,1.0,4.0,8.0,0.0,19.0,8.0,4.0,1,False,True,False,3.0,75.0
1700.0,2.0,1.0,17.0,33.0,3.0,5.0,1.0,3.0,1,False,False,True,2.0,138.0
1325.0,2.0,2.0,21.0,25.0,1.0,5.0,8.0,3.0,1,False,False,True,2.0,160.0
483.0,1.0,1.0,8.5,25.0,0.0,5.0,8.0,4.0,1,False,True,False,1.0,110.0
600.0,1.0,1.0,8.5,25.0,0.0,5.0,8.0,4.0,0,False,False,True,1.0,95.0
797.0,2.0,1.0,4.0,8.0,0.0,19.0,8.0,4.0,1,False,True,False,2.0,65.0
1215.0,2.0,1.0,5.0,8.0,3.0,9.0,0.0,2.0,1,False,False,True,2.0,45.0
963.0,2.0,1.0,5.0,5.0,3.0,19.0,0.0,1.0,1,False,False,True,2.0,40.0
1854.0,4.0,2.0,5.0,13.0,3.0,19.0,8.0,3.0,1,False,True,False,4.0,140.0
1328.0,2.0,3.0,3.0,5.0,2.0,4.0,0.0,0.0,1,False,False,False,3.0,60.0
1600.0,2.0,1.0,6.0,6.0,0.0,33.0,8.0,0.0,1,False,True,False,2.0,48.5
1430.0,2.0,1.0,8.0,25.0,2.0,5.0,8.0,3.0,0,False,False,True,2.0,107.0
918.0,2.0,1.0,2.0,3.0,1.0,33.0,8.0,1.0,1,False,False,True,2.0,44.0
1341.0,2.0,1.0,4.0,8.0,0.0,16.0,8.0,3.0,1,False,False,True,2.0,53.64
2907.0,3.0,1.0,4.0,8.0,0.0,9.0,8.0,3.0,1,False,False,True,3.0,135.0
2970.0,4.0,3.0,3.0,14.0,0.0,19.0,2.0,3.0,1,False,True,False,4.0,116.0
1875.0,2.0,1.0,7.5,25.0,0.0,5.0,8.0,3.0,0,False,False,True,2.0,112.0
1485.0,2.0,3.0,4.5,7.0,1.0,4.0,8.0,3.0,1,False,False,True,3.0,60.0
1000.0,2.0,2.0,5.0,5.0,0.0,19.0,8.0,0.0,1,True,False,False,2.0,70.0
1679.1684,2.0,1.0,12.0,13.0,2.0,19.0,8.0,0.0,1,False,True,False,2.0,67.0
990.0,2.0,1.0,2.0,6.0,0.0,6.0,8.0,4.0,1,False,False,True,2.0,26.5
1368.0,2.0,1.0,5.0,7.0,2.0,19.0,8.0,2.0,1,True,False,False,2.0,55.0
2160.0,3.0,1.0,5.0,8.0,0.0,14.0,8.0,3.0,1,False,False,True,3.0,84.24
1170.0,2.0,1.0,5.0,7.0,2.0,19.0,8.0,2.0,1,False,False,True,2.0,46.0
1278.0,2.0,1.0,5.0,13.0,0.0,19.0,8.0,3.0,1,True,False,False,2.0,71.0
700.0,2.0,0.0,7.0,7.0,0.0,19.0,8.0,0.0,1,False,True,False,1.0,40.0
697.0,2.0,3.0,3.0,4.0,0.0,19.0,8.0,1.0,1,True,False,False,2.0,45.0
1125.0,2.0,1.0,5.0,6.0,0.0,19.0,8.0,2.0,1,False,True,False,2.0,45.0
1152.0,2.0,1.0,13.0,14.0,0.0,19.0,8.0,0.0,1,False,False,True,2.0,55.0
694.0,2.0,3.0,11.0,13.0,0.0,19.0,8.0,0.0,1,False,True,False,2.0,60.0
2067.0,4.0,3.0,2.0,13.0,0.0,1.0,8.0,3.0,1,False,True,False,4.0,225.0
630.0,2.0,2.0,2.0,6.0,0.0,9.0,8.0,3.0,1,False,True,False,2.0,54.0
3399.0,3.0,3.0,5.0,8.0,0.0,19.0,8.0,3.0,1,False,False,True,3.0,65.0
436.0,1.0,1.0,20.0,35.0,3.0,5.0,8.0,0.0,1,False,True,False,1.0,95.0
1269.0,2.0,1.0,4.5,7.0,0.0,7.0,8.0,4.0,1,False,True,False,2.0,43.0
1511.0,2.0,1.0,8.5,25.0,0.0,5.0,8.0,4.0,0,False,False,True,2.0,136.0
2290.0,3.0,1.0,4.0,8.0,0.0,16.0,8.0,4.0,1,False,True,False,3.0,100.0
2290.0,3.0,1.0,8.0,13.0,3.0,16.0,8.0,0.0,1,False,True,False,3.0,99.0
900.0,2.0,1.0,0.0,1.0,0.0,19.0,8.0,3.0,1,True,False,False,2.0,76.0
3168.0,3.0,3.0,0.0,1.0,0.0,16.0,8.0,3.0,1,True,False,False,3.0,156.0
2637.1555,3.0,1.0,5.0,8.0,3.0,19.0,8.0,0.0,1,False,False,True,3.0,121.0
1557.0,3.0,2.0,3.0,7.0,0.0,13.0,4.0,4.0,0,False,False,True,3.0,55.0
2025.0,3.0,2.0,1.0,5.5,0.0,14.0,8.0,3.0,1,False,False,True,3.0,75.0
500.0,1.0,1.0,0.0,1.0,0.0,19.0,8.0,0.0,1,True,False,False,1.0,36.0
1500.0,3.0,1.0,1.0,5.0,1.0,14.0,8.0,1.0,1,False,True,False,3.0,75.0
3528.0,4.0,2.0,9.0,13.0,1.0,9.0,8.0,3.0,1,False,True,False,4.0,190.0
963.0,2.0,1.0,4.0,5.0,3.0,19.0,2.0,0.0,1,False,False,True,2.0,45.0
2133.0,3.0,3.0,3.0,13.0,3.0,15.0,8.0,3.0,0,False,False,True,3.0,62.0
301.0,1.0,1.0,3.0,7.0,0.0,13.0,8.0,0.0,1,True,False,False,1.0,22.0
1098.0,1.0,1.0,0.0,1.0,3.0,19.0,8.0,3.0,1,False,True,False,1.0,97.0
800.0,2.0,1.0,3.0,3.0,0.0,33.0,8.0,0.0,1,True,False,False,1.0,29.0
700.0,2.0,1.0,5.0,11.0,3.0,19.0,8.0,0.0,1,False,True,False,2.0,65.0
1197.0,2.0,1.0,2.0,5.0,1.0,19.0,8.0,2.0,1,False,True,False,2.0,55.0
1410.0,2.0,1.0,5.0,11.0,1.0,19.0,8.0,0.0,1,False,True,False,2.0,65.0
1161.0,2.0,1.0,6.0,7.0,2.0,33.0,8.0,3.0,1,False,True,False,2.0,45.0
1700.0,3.0,1.0,4.0,8.0,0.0,19.0,8.0,4.0,1,False,True,False,3.0,80.0
2000.0,3.0,3.0,2.0,12.0,3.0,11.0,2.0,2.0,1,True,False,False,3.0,95.0
1161.0,2.0,1.0,6.0,13.0,2.0,33.0,8.0,0.0,1,False,True,False,2.0,45.0
1278.0,2.0,2.0,3.0,5.0,3.0,19.0,1.0,2.0,1,False,True,False,2.0,50.0
810.0,1.0,1.0,6.0,8.0,0.0,9.0,8.0,0.0,1,False,False,True,1.0,32.0
702.0,1.0,1.0,1.0,3.0,3.0,11.0,8.0,1.0,1,False,True,False,1.0,35.51
484.3755,1.0,1.0,0.0,1.0,0.0,16.0,8.0,2.0,1,False,True,False,1.0,15.5
495.0,1.0,1.0,0.0,3.0,0.0,16.0,8.0,1.0,1,False,True,False,1.0,20.0
2070.0,3.0,1.0,4.0,8.0,0.0,11.0,8.0,4.0,1,False,True,False,3.0,105.0
585.0,1.0,1.0,2.0,6.0,2.0,33.0,0.0,2.0,1,False,False,True,1.0,30.0
567.0,1.0,1.0,3.0,7.0,1.0,33.0,4.0,3.0,1,True,False,False,1.0,32.0
1089.0,2.0,1.0,4.0,8.0,2.0,11.0,9.0,3.0,1,False,True,False,2.0,53.0
1251.0,2.0,1.0,6.0,8.0,3.0,11.0,8.0,1.0,1,False,True,False,2.0,60.0
1269.0,2.0,1.0,7.0,11.0,1.0,5.0,8.0,3.0,1,False,False,False,2.0,69.0
1395.0,2.0,1.0,4.0,6.0,3.0,33.0,8.0,0.0,1,True,False,False,2.0,52.0
1313.1958,2.0,1.0,7.0,11.0,3.0,6.0,8.0,1.0,1,False,True,False,2.0,37.0
558.0,1.0,1.0,3.0,4.0,3.0,15.0,8.0,1.0,1,False,True,False,1.0,25.0
900.0,1.0,2.0,2.0,6.0,1.0,19.0,8.0,3.0,1,False,True,False,2.0,45.0
600.0,1.0,1.0,0.0,4.0,2.0,33.0,8.0,1.0,1,False,False,False,1.0,25.0
720.0,2.0,1.0,3.0,3.0,0.0,33.0,8.0,1.0,1,False,True,False,1.0,29.0
372.0,1.0,1.0,0.0,1.0,3.0,6.0,4.0,3.0,1,False,True,False,1.0,22.0
2484.0,3.0,1.0,9.0,13.0,3.0,19.0,8.0,3.0,1,False,True,False,3.0,118.0
900.0,2.0,1.0,6.0,13.0,3.0,19.0,8.0,0.0,1,False,True,False,2.0,67.0
1157.0,3.0,1.0,4.0,14.0,3.0,9.0,8.0,3.0,1,False,True,False,3.0,120.0
1125.0,2.0,1.0,4.0,8.0,1.0,19.0,4.0,3.0,1,False,True,False,2.0,50.0
1215.0,2.0,1.0,1.0,5.0,3.0,11.0,0.0,2.0,1,False,False,True,2.0,51.0
500.0,1.0,2.0,0.0,1.0,0.0,33.0,8.0,3.0,1,True,False,False,1.0,30.0
361.0,1.0,1.0,2.0,6.0,0.0,6.0,8.0,4.0,1,False,True,False,1.0,12.5
838.0,3.0,1.0,4.0,8.0,0.0,19.0,8.0,4.0,1,False,False,True,3.0,73.0
1170.0,2.0,1.0,3.0,8.0,3.0,9.0,0.0,1.0,1,False,False,True,2.0,50.0
1620.0,3.0,1.0,4.0,8.0,0.0,19.0,8.0,4.0,1,False,False,False,3.0,73.0
646.0,1.0,1.0,8.0,13.0,0.0,18.0,8.0,4.0,1,True,False,False,1.0,28.0
2385.0,3.0,1.0,3.0,7.0,0.0,9.0,8.0,4.0,1,False,True,False,3.0,110.0
1323.0,2.0,1.0,4.0,8.0,0.0,19.0,8.0,4.0,1,False,True,False,2.0,65.0
1188.0,2.0,1.0,6.0,13.0,3.0,3.0,8.0,3.0,1,True,False,False,2.0,37.0
315.0,1.0,1.0,5.0,6.0,3.0,13.0,4.0,2.0,1,False,True,False,1.0,29.0
1170.0,2.0,1.0,3.0,8.0,0.0,11.0,8.0,1.0,1,False,False,True,2.0,55.0
1359.0,2.0,1.0,6.0,7.0,1.0,33.0,8.0,3.0,1,False,True,False,2.0,54.0
1125.0,2.0,3.0,1.0,5.0,3.0,19.0,8.0,3.0,1,True,False,False,2.0,35.0
1854.0,3.0,1.0,6.0,13.0,1.0,19.0,8.0,0.0,1,False,True,False,3.0,100.0
372.0,1.0,1.0,6.0,21.0,0.0,6.0,8.0,3.0,1,False,True,False,1.0,16.0
2205.0,3.0,1.0,4.0,8.0,0.0,19.0,8.0,4.0,1,True,False,False,3.0,99.0
800.0,1.0,1.0,3.0,7.0,3.0,10.0,8.0,4.0,1,False,True,False,1.0,25.0
1700.0,3.0,1.0,4.0,5.0,2.0,14.0,8.0,3.0,1,False,True,False,3.0,65.0
1440.0,2.0,3.0,5.0,5.0,3.0,4.0,8.0,4.0,1,False,True,False,3.0,55.0
1233.0,2.0,1.0,1.0,1.0,3.0,19.0,8.0,1.0,1,False,False,True,2.0,63.0
1776.0435,2.0,1.0,4.0,8.0,1.0,19.0,8.0,0.0,1,False,True,False,2.0,65.0
1600.0,2.0,1.0,8.5,25.0,0.0,5.0,4.0,3.0,0,False,False,True,2.0,129.0
1000.0,2.0,2.0,2.0,2.0,3.0,5.0,8.0,0.0,1,False,True,False,2.0,45.51
1926.0,3.0,2.0,3.0,7.0,0.0,33.0,4.0,3.0,1,True,False,False,3.0,68.0
2025.0,3.0,1.0,7.0,7.0,0.0,19.0,4.0,3.0,0,False,False,True,3.0,72.0
629.69,2.0,2.0,2.0,6.0,2.0,28.0,8.0,3.0,1,False,True,False,2.0,42.0
796.53,2.0,0.0,3.0,5.0,0.0,19.0,8.0,0.0,1,False,False,False,1.0,37.51
2960.0725,3.0,1.0,1.0,13.0,3.0,19.0,8.0,0.0,1,False,True,False,3.0,95.0
1095.0,2.0,1.0,27.0,33.0,0.0,5.0,8.0,4.0,1,False,False,True,2.0,130.0
1179.0,2.0,2.0,8.0,13.0,3.0,18.0,8.0,0.0,1,False,True,False,2.0,42.0
780.0,2.0,1.0,9.0,13.0,0.0,5.0,8.0,3.0,0,False,False,True,2.0,150.0
1008.0,2.0,1.0,5.0,8.0,0.0,14.0,8.0,4.0,1,False,True,False,2.0,39.0
1755.0,3.0,2.0,8.0,14.0,3.0,5.0,8.0,3.0,1,False,False,True,3.0,95.0
1125.0,2.0,1.0,4.0,5.0,2.0,6.0,8.0,2.0,1,False,False,True,2.0,35.0
1500.0,2.0,1.0,1.0,5.5,2.0,6.0,8.0,1.0,1,False,True,False,2.0,36.0
1125.0,2.0,1.0,4.0,8.0,0.0,11.0,8.0,3.0,1,False,False,True,2.0,50.0
1000.0,2.0,2.0,0.0,1.0,0.0,21.0,8.0,3.0,1,False,False,True,1.0,95.0
1270.1402,2.0,1.0,4.0,8.0,3.0,19.0,0.0,3.0,1,False,False,True,2.0,40.0
1674.0,3.0,2.0,3.0,7.0,0.0,33.0,4.0,4.0,1,False,False,True,3.0,58.0
1485.0,1.0,3.0,0.0,1.0,0.0,28.0,8.0,3.0,1,True,False,False,3.0,380.0
621.24,2.0,2.0,2.0,3.0,3.0,2.0,8.0,3.0,1,False,True,False,2.0,45.0
1582.2933,2.0,1.0,5.0,8.0,2.0,14.0,8.0,3.0,1,False,False,True,2.0,61.0
1557.0,3.0,1.0,7.0,13.0,0.0,19.0,0.0,3.0,1,False,False,True,3.0,68.0
1250.31,3.0,2.0,5.0,14.0,3.0,19.0,2.0,2.0,1,False,True,False,3.0,109.0
1150.0,2.0,1.0,5.0,7.0,2.0,33.0,8.0,0.0,1,False,True,False,2.0,54.0
1890.0,3.0,2.0,2.0,6.0,0.0,6.0,8.0,4.0,1,True,False,False,3.0,110.0
2277.0,3.0,1.0,8.0,10.0,0.0,16.0,8.0,0.0,1,False,True,False,3.0,131.0
1305.0,2.0,1.0,5.0,9.0,2.0,16.0,8.0,2.0,1,True,False,False,2.0,51.0
1883.6825,3.0,1.0,4.0,8.0,2.0,11.0,8.0,3.0,1,False,False,True,3.0,60.0
1242.0,2.0,1.0,4.0,8.0,2.0,11.0,8.0,3.0,1,False,True,False,2.0,49.0
999.0,2.0,1.0,5.0,8.0,1.0,14.0,8.0,2.0,1,False,True,False,2.0,52.0
999.0,2.0,1.0,5.0,8.0,0.0,14.0,8.0,1.0,1,False,True,False,2.0,53.0
2700.0,3.0,1.0,11.0,13.0,3.0,11.0,8.0,3.0,1,False,True,False,3.0,130.0
844.86,3.0,1.0,1.0,13.0,2.0,11.0,8.0,3.0,1,False,True,False,3.0,140.0
1125.0,2.0,1.0,3.0,5.0,3.0,13.0,0.0,3.0,1,False,False,True,2.0,30.0
450.0,1.0,1.0,3.0,7.0,0.0,15.0,8.0,4.0,1,False,True,False,1.0,22.0
423.0,1.0,1.0,1.0,4.0,3.0,6.0,8.0,3.0,1,False,False,True,1.0,11.5
846.0,1.0,1.0,1.0,3.0,3.0,5.0,8.0,3.0,1,True,False,False,1.0,31.0
864.0,1.0,1.0,1.0,3.0,0.0,33.0,8.0,1.0,1,False,True,False,1.0,31.0
880.0,2.0,3.0,2.0,9.0,3.0,9.0,0.0,0.0,1,False,False,False,2.0,85.21
2025.0,3.0,1.0,5.0,8.0,0.0,14.0,8.0,4.0,1,False,True,False,3.0,72.0
1300.0,2.0,1.0,8.0,13.0,0.0,9.0,8.0,4.0,1,False,False,True,2.0,59.0
1845.0,2.0,1.0,5.0,13.0,0.0,19.0,8.0,3.0,0,False,True,False,3.0,71.75
774.0,1.0,1.0,1.0,3.0,3.0,15.0,0.0,2.0,1,False,True,False,1.0,25.5
827.74,2.0,1.0,8.0,34.0,0.0,5.0,8.0,3.0,0,False,True,False,2.0,150.0
1035.0,2.0,1.0,4.0,8.0,0.0,19.0,8.0,4.0,1,False,True,False,2.0,50.0
871.0,2.0,1.0,19.0,33.0,3.0,5.0,8.0,3.0,0,False,True,False,2.0,165.0
2250.0,3.0,4.0,3.0,7.0,2.0,16.0,8.0,2.0,1,False,False,True,3.0,160.0
1235.0,2.0,1.0,8.0,13.0,0.0,19.0,8.0,3.0,1,False,False,True,2.0,67.0
796.53,3.0,3.0,6.0,7.0,3.0,15.0,8.0,0.0,1,False,True,False,3.0,58.0
990.0,1.0,1.0,0.0,1.0,0.0,27.0,8.0,3.0,1,True,False,False,2.0,160.0
1170.0,2.0,1.0,4.0,8.0,0.0,9.0,8.0,4.0,1,False,True,False,2.0,42.0
1332.0,3.0,1.0,12.0,13.0,1.0,11.0,8.0,3.0,1,False,True,False,3.0,128.0
2200.0,3.0,1.0,4.0,8.0,0.0,19.0,8.0,4.0,1,False,False,False,3.0,130.0
1431.0,2.0,1.0,7.0,14.0,0.0,8.0,0.0,3.0,0,False,False,True,2.0,53.26
1710.0,4.0,1.0,3.0,7.0,2.0,33.0,8.0,3.0,1,False,False,True,3.0,85.0
871.0,2.0,1.0,24.0,33.0,0.0,5.0,8.0,4.0,0,False,True,False,2.0,170.0
796.53,2.0,1.0,4.0,8.0,1.0,19.0,8.0,3.0,1,False,True,False,2.0,66.0
602.78,1.0,1.0,4.0,8.0,0.0,26.0,8.0,4.0,1,False,True,False,2.0,50.0
603.0,1.0,1.0,3.0,7.0,0.0,13.0,8.0,4.0,1,False,True,False,1.0,18.0
756.0,2.0,2.0,2.0,6.0,0.0,15.0,8.0,0.0,1,False,True,False,2.0,40.0
1205.56,1.0,2.0,5.0,5.0,0.0,4.0,8.0,3.0,1,True,False,False,2.0,100.0
1711.4601,2.0,1.0,8.0,14.0,3.0,19.0,0.0,0.0,1,False,True,False,2.0,67.0
1935.0,3.0,1.0,4.0,8.0,0.0,19.0,8.0,4.0,1,True,False,False,3.0,75.0
1350.0,2.0,1.0,5.0,5.0,3.0,19.0,0.0,2.0,1,False,False,True,2.0,55.0
782.25,2.0,2.0,14.0,14.0,0.0,19.0,8.0,3.0,1,False,True,False,2.0,78.0
1125.0,2.0,1.0,2.0,6.0,2.0,6.0,8.0,3.0,1,False,True,False,2.0,29.0
411.18,1.0,1.0,3.0,7.0,0.0,13.0,8.0,4.0,1,False,True,False,1.0,27.0
963.0,2.0,1.0,4.0,8.0,1.0,19.0,4.0,3.0,1,False,True,False,2.0,60.0
900.0,2.0,1.0,1.0,5.5,3.0,11.0,8.0,0.0,1,False,True,False,2.0,70.0
1656.0,3.0,1.0,4.0,8.0,0.0,19.0,8.0,4.0,1,False,False,True,3.0,65.5
1179.0,2.0,1.0,5.0,8.0,3.0,19.0,4.0,3.0,1,False,False,True,2.0,46.0
1440.0,2.0,1.0,12.0,13.0,1.0,19.0,8.0,0.0,1,False,False,True,2.0,80.0
1557.0,3.0,4.0,3.0,7.0,0.0,13.0,4.0,3.0,1,False,True,False,3.0,55.01
871.0,2.0,1.0,8.5,25.0,0.0,5.0,8.0,4.0,0,False,True,False,2.0,155.0
1130.0,1.0,3.0,3.0,7.0,0.0,33.0,8.0,4.0,1,False,True,False,2.0,50.0
4329.0,4.0,2.0,4.0,8.0,0.0,16.0,8.0,4.0,1,False,False,True,4.0,231.0
1743.7518,2.0,1.0,7.0,7.0,3.0,25.0,0.0,0.0,1,False,True,False,3.0,70.0
2100.0,3.0,1.0,4.0,8.0,0.0,19.0,8.0,4.0,1,False,True,False,3.0,80.0
1422.0,2.0,1.0,0.0,1.0,0.0,14.0,8.0,3.0,1,True,False,False,2.0,60.0
2466.0,3.0,1.0,6.0,13.0,0.0,19.0,8.0,3.0,1,True,False,False,3.0,111.0
1035.0,2.0,1.0,3.0,7.0,1.0,33.0,8.0,4.0,1,False,True,False,2.0,41.0
1511.0,2.0,1.0,8.5,25.0,0.0,5.0,8.0,4.0,0,False,False,True,2.0,140.0
2160.0,3.0,1.0,4.0,8.0,0.0,19.0,8.0,4.0,1,False,True,False,3.0,80.0
1808.3352,2.0,1.0,1.0,13.0,1.0,11.0,8.0,4.0,0,False,True,False,2.0,65.0
1510.0,2.0,2.0,1.0,5.5,3.0,14.0,8.0,1.0,1,False,True,False,3.0,80.0
945.0,2.0,1.0,2.0,6.0,1.0,6.0,8.0,4.0,1,False,True,False,2.0,33.0
1000.0,2.0,1.0,8.0,13.0,0.0,12.0,8.0,3.0,1,False,True,False,2.0,50.0
629.69,2.0,1.0,0.0,1.0,0.0,23.0,8.0,4.0,1,False,True,False,2.0,42.0
1134.0,2.0,1.0,1.0,5.0,1.0,19.0,8.0,2.0,1,False,False,True,2.0,61.0
550.0,2.0,1.0,6.0,8.0,3.0,33.0,0.0,0.0,1,False,True,False,2.0,40.0
2718.0,3.0,3.0,3.0,13.0,0.0,16.0,0.0,4.0,0,False,True,False,3.0,114.0
1566.0,2.0,1.0,8.0,11.0,3.0,16.0,8.0,3.0,1,False,True,False,2.0,77.0
779.844555,2.0,1.0,3.0,7.0,0.0,13.0,8.0,4.0,1,False,True,False,2.0,54.0
1215.0,2.0,1.0,4.0,8.0,0.0,9.0,4.0,4.0,1,False,True,False,2.0,43.0
457.0,1.0,1.0,2.0,6.0,0.0,6.0,8.0,4.0,1,False,True,False,1.0,20.0
483.0,1.0,1.0,8.5,25.0,0.0,5.0,8.0,4.0,0,False,True,False,1.0,107.0
1467.0,2.0,1.0,5.0,5.0,1.0,33.0,8.0,0.0,1,False,False,True,2.0,59.0
900.0,2.0,1.0,5.0,6.0,1.0,19.0,8.0,4.0,1,True,False,False,2.0,76.0
1278.0,2.0,1.0,4.0,8.0,0.0,19.0,8.0,4.0,1,False,False,True,2.0,51.0
1230.0,4.0,1.0,5.0,13.0,3.0,19.0,8.0,3.0,0,False,True,False,3.0,105.0
550.0,1.0,1.0,2.0,4.0,0.0,6.0,8.0,3.0,1,False,True,False,1.0,12.0
550.0,1.0,1.0,2.0,6.0,3.0,6.0,8.0,4.0,1,False,True,False,1.0,14.0
300.0,1.0,1.0,2.0,6.0,0.0,6.0,8.0,4.0,1,False,True,False,1.0,20.0
585.0,1.0,0.0,1.0,4.0,0.0,6.0,8.0,3.0,1,False,True,False,1.0,12.0
2322.0,3.0,1.0,4.0,8.0,0.0,11.0,8.0,4.0,0,False,False,True,3.0,82.56
450.0,1.0,1.0,2.0,5.0,0.0,6.0,8.0,4.0,1,False,True,False,1.0,10.0
293.0,1.0,1.0,2.0,5.0,0.0,6.0,8.0,4.0,1,False,True,False,1.0,10.25
293.0,1.0,1.0,2.0,6.0,3.0,6.0,8.0,3.0,1,True,False,False,1.0,19.0
293.0,1.0,1.0,2.0,6.0,3.0,6.0,8.0,4.0,1,False,True,False,1.0,10.0
483.0,1.0,1.0,23.0,32.0,0.0,5.0,8.0,3.0,0,False,True,False,1.0,107.0
405.0,1.0,1.0,2.0,3.0,0.0,6.0,8.0,3.0,1,False,True,False,1.0,7.0
2025.0,3.0,1.0,4.0,8.0,0.0,11.0,4.0,4.0,1,False,True,False,3.0,85.0
293.0,1.0,1.0,3.0,7.0,3.0,6.0,8.0,2.0,1,True,False,False,1.0,11.0
972.0,2.0,1.0,4.0,8.0,0.0,19.0,8.0,4.0,1,False,False,True,2.0,52.0
550.0,1.0,1.0,1.0,3.0,0.0,23.0,8.0,3.0,1,False,True,False,2.0,110.0
1278.0,2.0,2.0,4.0,8.0,0.0,9.0,8.0,3.0,1,False,False,True,2.0,55.0
1035.0,2.0,1.0,3.0,7.0,0.0,33.0,8.0,4.0,1,False,True,False,2.0,41.0
597.29,2.0,1.0,0.0,1.0,0.0,27.0,8.0,3.0,1,False,True,False,2.0,70.0
450.0,1.0,1.0,2.0,6.0,0.0,6.0,8.0,4.0,1,False,True,False,1.0,16.0
1076.39,2.0,1.0,3.0,4.0,2.0,16.0,8.0,0.0,1,False,True,False,2.0,62.0
1170.0,2.0,1.0,3.0,7.0,3.0,19.0,8.0,2.0,1,False,False,True,2.0,55.0
1080.0,2.0,1.0,7.0,11.0,0.0,8.0,8.0,4.0,1,False,True,False,2.0,70.0
1935.03,3.0,1.0,4.0,8.0,2.0,19.0,4.0,4.0,1,False,True,False,3.0,85.0
1845.0,3.0,1.0,4.0,8.0,0.0,11.0,8.0,4.0,1,False,True,False,3.0,75.0
2250.0,2.0,1.0,4.0,8.0,2.0,16.0,8.0,3.0,1,False,True,False,3.0,135.0
1035.0,3.0,1.0,7.0,9.0,3.0,19.0,6.0,3.0,1,False,True,False,3.0,130.0
1614.585,2.0,1.0,3.0,7.0,0.0,13.0,8.0,4.0,1,False,True,False,2.0,58.0
2475.0,3.0,1.0,4.0,8.0,0.0,11.0,8.0,4.0,0,False,True,False,3.0,120.0
1089.0,2.0,3.0,2.0,4.0,0.0,13.0,8.0,3.0,1,False,True,False,2.0,55.0
672.39,3.0,2.0,6.0,13.0,2.0,15.0,0.0,3.0,1,False,True,False,3.0,69.0
2583.0,3.0,1.0,4.0,8.0,0.0,16.0,8.0,4.0,1,True,False,False,3.0,135.0
600.0,2.0,2.0,3.0,5.0,0.0,13.0,8.0,3.0,1,False,True,False,2.0,30.0
1625.3489,2.0,1.0,3.0,7.0,1.0,10.0,8.0,4.0,1,False,True,False,2.0,50.0
496.753985,2.0,1.0,3.0,7.0,2.0,33.0,8.0,3.0,1,False,True,False,2.0,45.0
2000.0,3.0,1.0,8.0,13.0,0.0,19.0,8.0,3.0,1,False,False,True,3.0,83.0
1377.0,2.0,3.0,4.0,8.0,1.0,19.0,8.0,3.0,1,False,False,True,2.0,75.0
1528.4738,2.0,2.0,7.0,11.0,0.0,25.0,8.0,4.0,1,False,True,False,2.0,49.0
1776.0435,2.0,2.0,1.0,4.0,0.0,6.0,8.0,3.0,1,False,True,False,2.0,39.75
496.753985,2.0,1.0,7.0,11.0,0.0,33.0,8.0,3.0,1,False,True,False,2.0,45.0
770.0,3.0,2.0,1.0,5.5,0.0,15.0,8.0,3.0,1,False,True,False,3.0,60.0
1269.0,2.0,2.0,6.0,10.0,3.0,19.0,0.0,0.0,1,False,False,True,2.0,70.0
210.0,1.0,1.0,4.0,8.0,2.0,24.0,8.0,3.0,1,False,True,False,1.0,15.0
2690.975,3.0,1.0,2.0,8.0,1.0,9.0,8.0,0.0,1,False,False,True,3.0,125.0
720.0,1.0,1.0,4.0,8.0,0.0,19.0,8.0,3.0,1,False,True,False,1.0,36.0
718.16,2.0,1.0,4.0,8.0,0.0,19.0,8.0,4.0,1,False,True,False,2.0,52.0
1845.0,3.0,1.0,4.0,8.0,0.0,19.0,8.0,4.0,1,False,True,False,3.0,85.0
1905.2103,2.0,1.0,4.0,8.0,2.0,19.0,8.0,3.0,1,False,False,True,2.0,63.5
1100.0,3.0,2.0,3.0,7.0,0.0,33.0,8.0,4.0,1,False,True,False,3.0,61.0
1095.0,3.0,2.0,14.0,32.0,0.0,5.0,8.0,3.0,1,False,True,False,2.0,130.0
1100.0,2.0,1.0,5.0,6.0,2.0,33.0,8.0,0.0,1,False,True,False,2.0,42.0
1269.0,2.0,2.0,6.0,10.0,0.0,19.0,8.0,2.0,1,False,True,False,2.0,72.0
728.93,2.0,1.0,4.0,8.0,0.0,19.0,4.0,3.0,1,False,True,False,2.0,53.0
1090.0,2.0,1.0,8.5,25.0,0.0,5.0,8.0,4.0,1,False,False,True,2.0,150.0
1533.1,3.0,1.0,4.0,8.0,0.0,9.0,8.0,4.0,1,False,True,False,3.0,150.0
1485.4181999999998,2.0,1.0,4.0,7.0,0.0,33.0,8.0,4.0,1,False,True,False,2.0,45.0
1485.0,2.0,2.0,0.0,1.0,0.0,16.0,8.0,4.0,1,False,False,True,2.0,68.0
1278.0,2.0,2.0,7.0,11.0,0.0,25.0,4.0,4.0,1,False,True,False,2.0,49.9
3060.0,3.0,1.0,4.0,8.0,0.0,11.0,8.0,4.0,0,False,False,True,3.0,146.0
465.43,1.0,1.0,3.0,7.0,0.0,13.0,8.0,4.0,1,False,True,False,1.0,20.0
871.0,2.0,1.0,8.5,25.0,0.0,5.0,8.0,4.0,1,False,True,False,2.0,185.0
1395.0,3.0,2.0,4.0,8.0,1.0,17.0,8.0,3.0,1,False,False,True,3.0,72.0
1170.0,2.0,2.0,8.0,13.0,0.0,18.0,8.0,4.0,1,True,False,False,2.0,58.0
2385.0,3.0,1.0,8.0,13.0,3.0,14.0,6.0,3.0,1,False,True,False,3.0,110.0
1780.0,3.0,1.0,2.0,6.0,1.0,16.0,8.0,2.0,1,False,True,False,3.0,80.0
777.0,2.0,1.0,8.5,25.0,0.0,5.0,8.0,4.0,1,False,True,False,2.0,140.0
1302.86,3.0,1.0,4.0,8.0,1.0,19.0,8.0,4.0,1,False,False,True,3.0,90.0
769.4,3.0,2.0,1.0,5.5,0.0,33.0,8.0,3.0,1,False,True,False,3.0,62.0
1215.0,2.0,1.0,3.0,7.0,1.0,19.0,8.0,2.0,1,False,True,False,2.0,50.0
1782.0,3.0,1.0,6.0,12.0,3.0,19.0,0.0,3.0,1,False,False,True,3.0,75.0
2070.0,3.0,1.0,4.0,8.0,1.0,19.0,4.0,3.0,1,False,True,False,3.0,90.0
1194.7929,2.0,2.0,2.0,6.0,0.0,0.0,8.0,4.0,1,False,True,False,2.0,50.0
1200.0,2.0,1.0,3.0,7.0,0.0,23.0,8.0,3.0,1,False,False,True,3.0,70.0
1260.0,2.0,1.0,0.0,1.0,0.0,11.0,8.0,3.0,1,True,False,False,2.0,80.0
2690.975,3.0,1.0,4.0,8.0,0.0,19.0,8.0,4.0,1,False,True,False,3.0,100.0
483.0,1.0,1.0,8.5,25.0,0.0,5.0,8.0,4.0,0,False,True,False,1.0,90.0
2196.0,2.0,1.0,4.0,8.0,0.0,19.0,8.0,4.0,1,False,True,False,2.0,75.0
2115.0,3.0,3.0,7.0,7.0,0.0,25.0,8.0,3.0,1,False,False,True,3.0,80.0
1215.0,2.0,1.0,3.0,7.0,0.0,33.0,8.0,4.0,1,False,True,False,2.0,48.0
1350.0,3.0,2.0,6.0,6.0,2.0,5.0,8.0,3.0,1,True,False,False,3.0,87.0
1980.0,3.0,1.0,7.0,14.0,3.0,14.0,0.0,3.0,1,False,False,True,3.0,95.0
925.0,2.0,2.0,3.0,7.0,0.0,9.0,8.0,3.0,1,False,True,False,2.0,55.0
1494.0,2.0,3.0,7.0,7.0,1.0,19.0,8.0,4.0,1,False,False,True,2.0,69.0
756.0,1.0,1.0,4.0,8.0,0.0,19.0,8.0,4.0,1,False,False,True,1.0,33.51
530.0,2.0,1.0,2.0,7.0,0.0,6.0,8.0,0.0,1,False,False,False,1.0,15.0
756.0,2.0,3.0,4.0,8.0,1.0,19.0,8.0,3.0,1,False,False,True,1.0,36.0
2520.0,3.0,1.0,4.0,8.0,3.0,16.0,8.0,3.0,1,False,False,True,3.0,120.0
1693.16,3.0,3.0,6.0,8.0,0.0,11.0,8.0,3.0,1,True,False,False,3.0,90.0
990.0,2.0,1.0,4.0,8.0,3.0,11.0,0.0,3.0,1,False,False,True,2.0,35.0
500.0,2.0,2.0,2.0,3.0,0.0,33.0,8.0,3.0,1,False,True,False,2.0,45.0
1269.0,2.0,1.0,0.0,1.0,3.0,19.0,4.0,3.0,1,False,True,False,2.0,65.0
2232.0,3.0,1.0,3.0,10.0,3.0,19.0,8.0,0.0,1,False,False,True,3.0,125.0
1026.0,2.0,2.0,1.0,3.0,0.0,15.0,8.0,4.0,1,False,True,False,2.0,38.0
1224.0,2.0,2.0,3.0,5.0,0.0,14.0,8.0,3.0,1,False,True,False,2.0,50.0
705.0,2.0,2.0,11.0,13.0,1.0,19.0,8.0,3.0,1,False,True,False,2.0,65.0
1782.0,3.0,2.0,8.0,8.0,0.0,11.0,8.0,2.0,1,False,False,True,3.0,95.0
705.0,2.0,1.0,4.0,8.0,0.0,19.0,8.0,4.0,1,False,True,False,2.0,65.0
1035.0,2.0,1.0,3.0,7.0,3.0,33.0,8.0,4.0,1,False,True,False,2.0,41.0
1350.0,3.0,1.0,13.0,14.0,2.0,9.0,8.0,3.0,1,False,True,False,3.0,110.0
731.9452,1.0,1.0,3.0,7.0,0.0,33.0,8.0,4.0,1,False,True,False,1.0,27.0
1345.4875,2.0,2.0,2.0,6.0,2.0,0.0,4.0,3.0,1,False,True,False,2.0,50.0
1485.0,3.0,2.0,2.0,6.0,2.0,33.0,8.0,0.0,1,False,True,False,3.0,60.0
1440.0,2.0,1.0,7.0,7.0,3.0,19.0,0.0,3.0,1,False,False,True,2.0,60.0
1100.0,2.0,2.0,3.0,7.0,0.0,33.0,8.0,3.0,1,False,False,True,2.0,42.0
1300.0,3.0,2.0,0.0,1.0,0.0,23.0,8.0,3.0,1,False,False,True,3.0,151.0
965.0,2.0,1.0,0.0,1.0,0.0,23.0,8.0,4.0,1,False,True,False,2.0,85.0
2340.0,3.0,1.0,4.0,8.0,0.0,11.0,8.0,4.0,1,False,True,False,3.0,83.0
1325.0,2.0,1.0,11.0,13.0,0.0,5.0,8.0,4.0,0,False,False,True,2.0,110.0
1872.0,3.0,1.0,4.0,8.0,0.0,19.0,8.0,4.0,1,False,False,True,3.0,75.0
1260.0,2.0,1.0,3.0,7.0,0.0,33.0,8.0,4.0,1,False,False,True,2.0,56.0
1280.0,2.0,1.0,3.0,7.0,0.0,33.0,8.0,4.0,1,False,True,False,2.0,56.0
1496.1821,2.0,1.0,4.0,8.0,2.0,19.0,8.0,0.0,1,False,True,False,2.0,65.0
990.0,2.0,1.0,4.0,8.0,0.0,11.0,8.0,4.0,1,False,True,False,2.0,50.0
1400.0,3.0,1.0,4.0,8.0,0.0,11.0,8.0,4.0,1,True,False,False,3.0,100.0
369.85,1.0,0.0,4.0,8.0,0.0,19.0,8.0,4.0,1,False,False,False,1.0,16.0
956.0,3.0,1.0,4.0,8.0,0.0,16.0,8.0,4.0,1,False,True,False,3.0,115.0
1251.0,1.0,2.0,6.0,13.0,0.0,31.0,8.0,4.0,1,False,True,False,2.0,70.0
5015.9774,4.0,2.0,4.0,8.0,0.0,9.0,8.0,4.0,0,False,True,False,4.0,210.0
1872.0,3.0,3.0,4.0,8.0,3.0,19.0,4.0,3.0,1,False,False,True,3.0,78.0
2475.0,3.0,1.0,4.0,8.0,1.0,16.0,8.0,4.0,1,False,False,True,3.0,180.0
1980.0,3.0,2.0,4.0,8.0,0.0,17.0,8.0,4.0,1,False,False,True,3.0,75.0
2484.0,2.0,1.0,4.0,8.0,0.0,19.0,8.0,3.0,1,False,True,False,2.0,65.0
700.0,2.0,1.0,4.0,8.0,0.0,9.0,8.0,4.0,1,False,True,False,2.0,50.0
945.0,2.0,1.0,1.0,5.5,0.0,6.0,8.0,3.0,1,False,False,True,2.0,33.0
1092.0,3.0,1.0,3.0,7.0,2.0,33.0,8.0,3.0,1,False,True,False,3.0,61.0
1539.0,3.0,3.0,3.0,7.0,0.0,33.0,8.0,3.0,1,False,True,False,3.0,55.0
854.22,3.0,1.0,4.0,8.0,0.0,19.0,8.0,3.0,1,False,True,False,3.0,82.0
600.0,1.0,2.0,6.0,13.0,0.0,31.0,8.0,4.0,1,False,True,False,2.0,58.0
900.0,2.0,2.0,3.0,3.0,0.0,33.0,8.0,2.0,1,False,False,True,2.0,40.0
701.81,2.0,1.0,5.5,9.0,0.0,3.0,8.0,4.0,1,False,True,False,2.0,37.0
1845.0,3.0,2.0,4.0,4.0,0.0,9.0,8.0,1.0,1,False,True,False,3.0,86.5
558.0,1.0,1.0,4.0,8.0,0.0,19.0,8.0,4.0,1,False,False,True,1.0,41.0
2718.0,3.0,1.0,4.0,8.0,0.0,9.0,8.0,3.0,0,False,False,True,3.0,109.0
630.0,2.0,2.0,11.0,33.0,0.0,5.0,8.0,3.0,1,False,True,False,2.0,170.0
6399.0,6.0,2.0,11.0,13.0,3.0,16.0,2.0,3.0,0,False,True,False,5.0,300.0
2160.0,3.0,1.0,5.0,8.0,0.0,14.0,8.0,4.0,1,False,True,False,3.0,90.0
1395.0,2.0,1.0,3.0,7.0,0.0,33.0,4.0,4.0,1,False,True,False,2.0,47.0
850.0,1.0,1.0,5.0,24.0,3.0,5.0,1.0,3.0,1,False,True,False,1.0,95.0
1177.0,2.0,1.0,4.0,32.0,3.0,5.0,1.0,3.0,1,False,True,False,2.0,150.0
446.0,1.0,1.0,4.0,8.0,2.0,6.0,8.0,3.0,1,False,True,False,2.0,24.0
500.0,2.0,1.0,2.0,6.0,0.0,6.0,8.0,4.0,1,False,True,False,2.0,24.0
2200.0,3.0,1.0,9.0,13.0,3.0,16.0,4.0,3.0,1,False,True,False,3.0,90.0
1250.0,2.0,1.0,4.5,7.0,0.0,11.0,8.0,3.0,1,False,True,False,2.0,72.0
4788.0,4.0,2.0,3.0,12.0,3.0,9.0,8.0,3.0,1,False,True,False,4.0,240.0
270.0,1.0,1.0,3.0,4.0,0.0,15.0,8.0,3.0,1,False,False,False,1.0,25.0
1908.0,3.0,2.0,4.0,8.0,0.0,16.0,8.0,3.0,1,False,False,True,3.0,95.0
645.83,2.0,1.0,4.0,22.0,1.0,5.0,8.0,3.0,1,False,True,False,2.0,135.0
1413.0,2.0,1.0,4.0,8.0,1.0,19.0,8.0,3.0,1,False,True,False,2.0,72.11
1980.0,3.0,1.0,1.0,8.0,1.0,9.0,8.0,3.0,1,True,False,False,3.0,100.0
1413.0,2.0,2.0,1.0,7.0,3.0,11.0,2.0,2.0,1,False,True,False,2.0,72.0
1388.55,2.0,1.0,4.0,8.0,0.0,19.0,4.0,4.0,1,False,False,True,2.0,54.0
1674.0,3.0,1.0,0.0,1.0,0.0,19.0,8.0,3.0,1,True,False,False,3.0,90.0
731.94,1.0,1.0,2.0,6.0,0.0,6.0,8.0,4.0,1,False,True,False,1.0,15.0
1638.0,1.0,1.0,4.0,8.0,1.0,19.0,4.0,3.0,1,False,True,False,3.0,90.0
1162.5012,2.0,3.0,5.0,8.0,0.0,9.0,8.0,3.0,1,False,True,False,2.0,48.0
647.0,1.0,1.0,2.0,4.0,3.0,6.0,8.0,2.0,1,False,False,True,1.0,22.0
489.97,1.0,1.0,3.0,7.0,0.0,33.0,8.0,4.0,1,False,True,False,1.0,38.0
972.0,2.0,1.0,4.0,8.0,0.0,9.0,8.0,4.0,1,False,True,False,2.0,49.0
1278.0,2.0,1.0,5.0,13.0,3.0,5.0,8.0,3.0,1,True,False,False,2.0,62.0
837.0,1.0,1.0,2.0,3.0,0.0,33.0,8.0,1.0,1,False,True,False,1.0,39.5
751.75,3.0,1.0,5.0,7.0,0.0,33.0,8.0,0.0,1,False,True,False,3.0,60.0
1845.0,3.0,1.0,3.0,7.0,3.0,11.0,8.0,1.0,1,False,False,True,3.0,85.0
687.0,2.0,3.0,4.0,12.0,0.0,19.0,8.0,3.0,1,False,False,True,2.0,65.0
1701.0,3.0,2.0,3.0,7.0,0.0,33.0,8.0,4.0,0,False,True,False,3.0,62.0
2798.614,3.0,1.0,4.0,8.0,0.0,16.0,4.0,3.0,1,False,False,True,3.0,116.0
1000.0,2.0,1.0,2.0,6.0,0.0,14.0,8.0,3.0,1,False,False,True,2.0,50.0
1000.0,2.0,1.0,5.0,8.0,0.0,14.0,8.0,4.0,1,False,True,False,2.0,46.0
675.0,1.0,1.0,3.0,7.0,3.0,33.0,8.0,3.0,1,False,True,False,1.0,30.0
1453.1265,2.0,1.0,0.0,1.0,1.0,27.0,1.0,3.0,1,False,True,False,2.0,50.0
1000.0,1.0,2.0,3.0,7.0,3.0,33.0,8.0,3.0,1,False,False,True,2.0,40.0
900.0,2.0,1.0,2.0,4.0,2.0,5.0,8.0,3.0,1,True,False,False,2.0,51.0
2077.4327,3.0,3.0,4.0,5.0,0.0,19.0,8.0,3.0,1,True,False,False,3.0,70.0
1700.0,3.0,2.0,2.0,6.0,0.0,6.0,8.0,4.0,1,False,True,False,3.0,60.0
1095.0,2.0,2.0,26.0,33.0,3.0,5.0,2.0,3.0,1,False,False,True,2.0,156.0
1377.0,2.0,1.0,4.0,8.0,0.0,16.0,8.0,4.0,1,False,False,True,2.0,53.55
2152.78,3.0,3.0,2.0,6.0,0.0,31.0,8.0,3.0,1,False,False,True,3.0,100.0
3600.0,4.0,2.0,4.0,8.0,0.0,19.0,8.0,4.0,0,False,False,True,4.0,144.0
1506.946,2.0,2.0,1.0,6.0,0.0,9.0,8.0,3.0,0,False,True,False,3.0,85.0
1305.0,2.0,1.0,4.0,8.0,0.0,19.0,8.0,4.0,1,False,True,False,2.0,68.0
3006.0,3.0,1.0,4.0,8.0,0.0,9.0,8.0,4.0,1,False,True,False,3.0,155.0
2012.85,3.0,1.0,4.0,8.0,2.0,19.0,0.0,2.0,1,False,False,True,3.0,85.0
1755.0,2.0,2.0,7.0,11.0,0.0,25.0,8.0,4.0,1,False,True,False,3.0,96.0
1000.0,1.0,0.0,3.0,7.0,3.0,33.0,8.0,3.0,1,False,False,True,2.0,135.0
972.0,2.0,3.0,5.0,8.0,3.0,9.0,6.0,3.0,1,False,True,False,2.0,49.0
1300.0,3.0,1.0,4.0,8.0,1.0,19.0,8.0,4.0,1,False,True,False,3.0,72.0
2394.0,3.0,1.0,4.0,8.0,0.0,16.0,8.0,4.0,1,False,True,False,3.0,180.0
1800.0,3.0,3.0,5.0,9.0,0.0,14.0,8.0,2.0,1,False,False,True,3.0,75.0
1511.0,2.0,1.0,8.5,25.0,0.0,5.0,8.0,4.0,0,False,False,True,2.0,125.0
1162.5012,2.0,3.0,5.0,8.0,3.0,9.0,0.0,2.0,1,False,True,False,2.0,49.0
852.5,1.0,1.0,4.5,7.0,0.0,29.0,2.0,3.0,1,False,True,False,2.0,60.0
1071.0,2.0,2.0,8.0,13.0,0.0,18.0,4.0,3.0,1,False,True,False,2.0,51.0
1728.0,3.0,3.0,2.0,6.0,0.0,2.0,8.0,4.0,1,True,False,False,3.0,60.0
1035.0,3.0,1.0,5.0,8.0,0.0,19.0,8.0,4.0,1,False,False,True,3.0,88.0
880.0,2.0,1.0,3.0,3.0,0.0,11.0,8.0,3.0,1,False,True,False,2.0,51.0
1260.0,2.0,1.0,1.0,5.5,3.0,14.0,8.0,3.0,1,True,False,False,2.0,50.0
344.45,1.0,1.0,2.0,6.0,0.0,6.0,8.0,4.0,1,False,True,False,1.0,55.0
550.0,1.0,1.0,2.0,6.0,0.0,6.0,8.0,4.0,1,False,True,False,1.0,15.0
1323.0,2.0,1.0,4.0,8.0,0.0,19.0,8.0,4.0,1,False,True,False,2.0,72.0
1719.0,3.0,2.0,6.0,8.0,0.0,14.0,8.0,3.0,1,False,True,False,3.0,70.0
1674.0,3.0,1.0,4.0,8.0,0.0,19.0,8.0,4.0,1,False,False,True,3.0,75.0
1890.0,3.0,2.0,3.0,7.0,0.0,33.0,8.0,4.0,1,False,False,True,3.0,72.0
720.0,1.0,1.0,2.0,3.0,3.0,0.0,8.0,3.0,1,False,True,False,1.0,26.0
902.97,2.0,1.0,3.0,7.0,0.0,33.0,8.0,4.0,1,False,False,True,2.0,38.0
1100.0,2.0,1.0,5.0,8.0,1.0,14.0,8.0,4.0,1,False,False,True,2.0,55.0
2295.0,2.0,1.0,4.0,8.0,0.0,19.0,8.0,3.0,0,False,True,False,3.0,95.0
1302.4319,2.0,1.0,2.0,6.0,0.0,6.0,8.0,4.0,1,True,False,False,2.0,28.0
980.0,2.0,1.0,4.0,8.0,0.0,19.0,8.0,4.0,1,False,False,True,2.0,39.0
600.0,2.0,1.0,3.0,7.0,0.0,13.0,8.0,4.0,1,False,True,False,2.0,42.0
753.47,2.0,1.0,4.0,8.0,0.0,22.0,8.0,4.0,0,False,True,False,2.0,67.0
1571.5294,2.0,1.0,4.0,8.0,0.0,9.0,8.0,4.0,1,False,True,False,2.0,46.5
1908.0,3.0,2.0,5.0,8.0,0.0,16.0,8.0,3.0,1,False,False,True,3.0,92.0
1845.0,3.0,1.0,6.0,8.0,0.0,11.0,8.0,1.0,1,False,True,False,3.0,85.0
1908.0,3.0,1.0,5.0,8.0,0.0,16.0,8.0,3.0,1,False,False,True,3.0,92.0
1908.0,3.0,3.0,5.0,8.0,0.0,16.0,8.0,3.0,1,False,True,False,3.0,92.0
1250.0,2.0,1.0,3.0,7.0,0.0,33.0,8.0,4.0,1,False,True,False,2.0,48.0
450.0,2.0,1.0,0.0,4.0,2.0,23.0,8.0,3.0,1,False,False,False,2.0,48.0
1890.0,3.0,1.0,4.0,8.0,1.0,9.0,4.0,3.0,1,False,True,False,3.0,100.0
1305.0,2.0,1.0,3.0,7.0,0.0,33.0,8.0,4.0,1,False,True,False,2.0,40.0
1000.0,1.0,1.0,3.0,7.0,0.0,33.0,8.0,4.0,1,False,False,False,2.0,32.0
2300.0,3.0,2.0,3.0,7.0,0.0,5.0,8.0,4.0,1,True,False,False,3.0,90.0
2025.0,3.0,3.0,3.0,7.0,0.0,15.0,8.0,4.0,1,False,True,False,3.0,78.0
702.0,2.0,1.0,4.0,8.0,0.0,19.0,8.0,4.0,1,False,True,False,2.0,49.0
