Name,Location,Price (INR in Lakhs),Price_per_sqft,Area_sqft,Description,Property_URL,bedrooms,bathrooms,balconies,current_floor,total_floors,furnishing_status,Mapped_Area,facing,property_age_bucket,is_ready_to_move,is_built_up_area,is_carpet_area,is_super_built_up_area,property_type,luxury_score,location_advantage_score
"Residential land / Plotin Dahegam, Gandhinagar","Dahegam, Gandhinagar",235.0,567.0,41400.0,This land is just 50 mtr near to school and touching approach road,https://www.99acres.com/residential-land-plot-for-sale-in-dhegam-gandhinagar-4600-sqyd-r1-spid-Z88808336,,,,,,,Dahegam,,Unknown,1,False,False,False,plot,0.0,1.0
"Residential land / Plotin Sanavad, Gandhinagar","Sanavad, Gandhinagar",1350.0,5000.0,27000.0,Planning to build residence in gandhinagar? This plot in sanavad is the best deal for you. It spreads over 3000 sq.Yards super built up area. The property is enclosed by boundary wall. Possession of land can be secured immediately. The property is owned under freehold contract. The plot is available at a price of 13.5 crore. This residential plot is west-Facing direction.,https://www.99acres.com/residential-land-plot-for-sale-in-sanavad-ahmedabad-east-3000-sqyd-spid-Z90127116,,,,,,,Kalol,West,New,1,False,False,False,plot,2.0,0.0
"Residential land / Plotin Palodia, Gandhinagar","Palodia, Gandhinagar",497.0,9444.0,5265.0,An outstanding residential plot is available for sale in prime location .It's one of the best location of ahmedabad. Very good opportunity for those who want to make investment,https://www.99acres.com/residential-land-plot-for-sale-in-palodia-ahmedabad-west-585-sqyd-r8-spid-R76241875,,,,,,,Palodia,,Unknown,1,False,False,False,plot,0.0,0.0
"Residential land / Plotin Palodia, Gandhinagar","Palodia, Gandhinagar",251.0,4775.0,5256.0,,https://www.99acres.com/residential-land-plot-for-sale-in-palodia-ahmedabad-west-584-sqyd-r4-spid-M82947958,,,,,,,Palodia,,Unknown,1,False,False,False,plot,,
"Residential land / Plotin Santej, Gandhinagar","Santej, Gandhinagar",320.0,3556.0,9000.0,,https://www.99acres.com/residential-land-plot-for-sale-in-santej-ahmedabad-north-1000-sqyd-spid-W89399779,,,,,,,Kalol,,Unknown,1,False,False,False,plot,,
"Residential land / Plotin KAMAREDDY, Gandhinagar","KAMAREDDY, Gandhinagar",55.0,18900.0,290.628,"Set in gandhinagar, kamareddy, this 291 sqft residential plot offers ready availability within three months. Ideal for building your own home, the land is unbuilt and unfurnished. Positioned in a developing area, it provides a practical opportunity for buyers seeking a compact, accessible site for future construction.",https://www.99acres.com/residential-land-plot-for-sale-in-gandhinagar-32-sqyd-spid-J91270268,,,,,,unfurnished,Other,,New,0,False,False,False,plot,0.0,0.0
"Residential land / Plotin Dahegam, Gandhinagar","Dahegam, Gandhinagar",800.0,1235.0,64800.0,"Situated in dahegam, gandhinagar, this 64,800 sq ft residential plot offers a rare corner, east-Facing position overlooking the main road. Available for immediate sale, the land benefits from proximity to hospitals, schools, markets, and key amenities like khodiyar temple and bank of baroda atm. Ideal for residential development with excellent connectivity.",https://www.99acres.com/residential-land-plot-for-sale-in-dhegam-gandhinagar-7200-sqyd-spid-X91143546,,,,,,,Dahegam,East,New,1,False,False,False,plot,4.0,4.0
"Residential land / Plotin Dashela, Gandhinagar","Dashela, Gandhinagar",400.0,1327.0,30139.2,"Located in dashela, gandhinagar, this residential land offers 30,138.96 sqft of open space ready for immediate sale. Perfect for building your dream home, the plot boasts a prime location with easy access to local amenities. This opportunity allows for flexible design and development in a serene neighborhood.",https://www.99acres.com/residential-land-plot-for-sale-in-gandhinagar-3349-sqyd-spid-F90989720,,,,,,,Gandhinagar Taluka,,Unknown,1,False,False,False,plot,0.0,0.0
"Residential land / Plotin Dahegam, Gandhinagar","Dahegam, Gandhinagar",385.0,202.0,190575.0,,https://www.99acres.com/residential-land-plot-for-sale-in-dhegam-gandhinagar-21175-sqyd-spid-K90891746,,,,,,,Dahegam,,Unknown,1,False,False,False,plot,,
"Residential land / Plotin Adraj Moti, Gandhinagar","Adraj Moti, Gandhinagar",1800.0,1202.0,149737.0,,https://www.99acres.com/residential-land-plot-for-sale-in-adraj-moti-gandhinagar-10648-sqyd-r2-spid-K88298098,,,,,,,Gandhinagar Taluka,,Unknown,1,False,False,False,plot,,
"Residential land / Plotin Alampur, Gandhinagar","Alampur, Gandhinagar",350.0,1286.0,27225.0,"One vigha agricultural land at prime location in alampur, 500 meters from high way",https://www.99acres.com/residential-land-plot-for-sale-in-alampur-gandhinagar-1936-sqyd-r3-spid-H65941836,,,,,,,Alampur,,Unknown,1,False,False,False,plot,0.0,3.0
"Residential land / Plotin Palodia, Gandhinagar","Palodia, Gandhinagar",333.0,5632.0,5913.0,"Lush green plot with big trees , 4 side masonry boundaries are done, small storage room is constructed. Immediate possession.",https://www.99acres.com/residential-land-plot-for-sale-in-suramya-three-palodia-ahmedabad-west-657-sqyd-r1-spid-R81433945,,,,,,,Palodia,,New,1,False,False,False,plot,0.0,0.0
"Residential land / Plotin Dahegam, Gandhinagar","Dahegam, Gandhinagar",125.0,1798.0,6953.0,"Situated in dahegam, gandhinagar, this 8,676 sq.Ft. Residential land is available for immediate sale. A corner plot overlooking a club, it offers a prime location close to markets and schools. The plot lies within easy reach of khodiyar temple, medical facilities, and atms, making it ideal for residential development.",https://www.99acres.com/residential-land-plot-for-sale-in-dhegam-gandhinagar-773-sqyd-spid-O89927188,,,,,,,Dahegam,,Unknown,1,False,False,False,plot,2.0,1.0
"Residential land / Plotin Gift City, Gandhinagar","Gift City, Gandhinagar",1500.0,60.0,2501297.0,"Based on the provided property card (Milkat card) for the property in gandhinagar, here is a detailed summary of the land information and its ownership history: Property details Location: Shahpur ward (Non-Agricultural), gandhinagar district. Survey number: City survey no. Na506/2. Sheet & card number: Sheet no. Na99, card no. 73. Area: 2378 square meters. Upin: Gj. Status: Non-Agricultural (Na...",https://www.99acres.com/residential-land-plot-for-sale-in-gift-city-gandhinagar-277922-sqyd-spid-F89918140,,,,,,,Gift City,,Unknown,1,False,False,False,plot,0.0,0.0
"Residential land / Plotin Palodia, Gandhinagar","Palodia, Gandhinagar",229.0,4278.0,5355.0,"Set in avirat sopan icon, palodia, gandhinagar, this 5355 sq.Ft. Residential plot offers immediate availability for sale. Positioned conveniently near multiple bus depots including ghuma brts terminal and dps delhi public school, it provides excellent connectivity. The land is unfurnished and ready for development, situated on the ground floor for easy access.",https://www.99acres.com/residential-land-plot-for-sale-in-avirat-sopan-icon-palodia-ahmedabad-west-595-sqyd-r1-spid-I89724778,,,,0.0,,unfurnished,Palodia,,New,1,False,False,False,plot,0.0,2.0
"Residential land / Plotin Vardhaman Nagar, Kalol, Gandhinagar","Vardhaman Nagar, Kalol, Gandhinagar",225.0,3846.0,5850.0,,https://www.99acres.com/residential-land-plot-for-sale-in-vardhaman-nagar-gandhinagar-650-sqyd-spid-U89461188,,,,,,,Kalol,,Unknown,1,False,False,False,plot,,
"Residential land / Plotin Koba, Gandhinagar","Koba, Gandhinagar",503.0,8985.0,5598.0,"Discover a prestigious investment at rajdhani retreat, a premium cooperative society strategically located opposite koba metro station on the highgrowth ahmedabadgandhinagar corridor. This eastfacing corner plot is uniquely positioned at the junction of two wide roads, offering superior accessibility and visibility. Directly facing a serene jain temple, the plot balances spiritual tranquility w...",https://www.99acres.com/residential-land-plot-for-sale-in-koba-gandhinagar-622-sq-yard-spid-F89308601,,,,,,,Koba,East,Unknown,1,False,False,False,plot,4.0,3.0
"Residential land / Plotin Randheja, Gandhinagar","Randheja, Gandhinagar",425.0,2099.0,20250.0,,https://www.99acres.com/residential-land-plot-for-sale-in-randheja-gandhinagar-2250-sqyd-spid-C86348846,,,,,,,Randheja,,Unknown,1,False,False,False,plot,,
"Residential land / Plotin Dabhoda, Gandhinagar","Dabhoda, Gandhinagar",1800.0,1469.0,122512.0,,https://www.99acres.com/residential-land-plot-for-sale-in-dabhoda-gandhinagar-8712-sqyd-spid-O85546158,,,,,,,Dabhoda,,Unknown,1,False,False,False,plot,,
"Residential land / Plotin VAISHNODEVI TEMPLE, GANDHINAGAR","VAISHNODEVI TEMPLE, GANDHINAGAR",755.0,7778.0,9702.0,"Planning to build residence in gandhinagar? This plot in vaishnodevi temple, gandhinagar is the best deal for you. The plot is around super built up area of 566 sq.Yards in size. To build the residence, possession is expected immediately. The property is owned under freehold contract. The plot is available at a price of 3.96 crore. This residential plot is north-East-Facing direction.",https://www.99acres.com/residential-land-plot-for-sale-in-gandhinagar-1078-sqyd-r3-spid-J83948138,,,,,,,SG Highway,North-East,New,1,False,False,False,plot,2.0,0.0
"Residential land / Plotin Rakanpur, Gandhinagar","Rakanpur, Gandhinagar",945.0,11667.0,8100.0,900 sqyd plot in sopan retret s p ring road science city circal good loction and primium loction and indujal plot all over super view,https://www.99acres.com/residential-land-plot-for-sale-in-avirat-sopan-retreat-rakanpur-ahmedabad-north-900-sq-yard-spid-G89491098,,,,,,,Kalol,,Unknown,1,False,False,False,plot,0.0,0.0
"Residential land / Plotin Palodia, Gandhinagar","Palodia, Gandhinagar",304.0,8889.0,3420.0,Prime plot available in a fast-Growing location perfect for your dream home or a smart investment.,https://www.99acres.com/residential-land-plot-for-sale-in-palodia-ahmedabad-west-380-sqyd-spid-Y91266272,,,,,,,Palodia,,Unknown,1,False,False,False,plot,0.0,0.0
"Residential land / Plotin Palodia, Gandhinagar","Palodia, Gandhinagar",619.0,8333.0,7425.0,,https://www.99acres.com/residential-land-plot-for-sale-in-palodia-ahmedabad-west-825-sqyd-r1-spid-K88888454,,,,,,,Palodia,,Unknown,1,False,False,False,plot,,
"Residential land / Plotin Dahegam, Gandhinagar","Dahegam, Gandhinagar",331.0,647.0,51192.0,"Check out this plot in dahegam, gandhinagar, an ideal destination to build your dream residence. It spans over spectacular 5688 sq.Yards super built up area. The possession of the property can be received immediately. The type of ownership is freehold. The price of this plot is 3.31 crore. Further negotiations can be done.",https://www.99acres.com/residential-land-plot-for-sale-in-dhegam-gandhinagar-5688-sqyd-spid-S91103242,,,,,,,Dahegam,,New,1,False,False,False,plot,0.0,0.0
"Residential land / Plotin Dahegam, Gandhinagar","Dahegam, Gandhinagar",231.0,490.0,47097.0,"Plot for sale in dahegam is available in gandhinagar. This locality resonates with your modern lifestyle. This 5233 sq.Yards super built up area plot is your opportunity to build a exceptional residence. Immediately, possession of property can be transferred. The property belongs to owner through freehold ownership. This residential plot is all yours for 2.31 crore. This property faces the east...",https://www.99acres.com/residential-land-plot-for-sale-in-dhegam-gandhinagar-5233-sqyd-spid-D91091320,,,,,,,Dahegam,East,New,1,False,False,False,plot,0.0,0.0
"Residential land / Plotin Palodia, Gandhinagar","Palodia, Gandhinagar",376.0,5889.0,6390.0,"Planning to purchase a plot in gandhinagar? This plot in palodia is situated in one of the excellent locations of the city. This 710 sq.Yards super built up area plot is your opportunity to build a exceptional residence. Construction on this property can be easily done upto 3 floors. Boundary wall is already constructed to separate the plot from nearby properties. Immediately, possession of pro...",https://www.99acres.com/residential-land-plot-for-sale-in-suramya-three-palodia-ahmedabad-west-710-sqyd-spid-G90739974,,,,,3.0,,Palodia,,New,0,False,False,False,plot,0.0,0.0
"Residential land / Plotin Palodia, Gandhinagar","Palodia, Gandhinagar",326.0,5889.0,5535.0,"Palodia is an ideal location for buying residential plots in gandhinagar. This plot in palodia is a great buy for you. It's a 615 sq.Yards super built up area property. Ownership of this property provides you entitlement to construct upto 3 floors. The boundary wall is already build around the plot. To build the residence, possession is expected immediately. The property is owned under freehold...",https://www.99acres.com/residential-land-plot-for-sale-in-suramya-three-palodia-ahmedabad-west-615-sqyd-spid-J90739696,,,,,3.0,,Palodia,,New,1,False,False,False,plot,0.0,0.0
"Residential land / Plotin Palodia, Gandhinagar","Palodia, Gandhinagar",456.0,5889.0,7740.0,,https://www.99acres.com/residential-land-plot-for-sale-in-suramya-three-palodia-ahmedabad-west-860-sqyd-spid-I90693096,,,,,,,Palodia,,Unknown,1,False,False,False,plot,,
"Residential land / Plotin Palodia, Gandhinagar","Palodia, Gandhinagar",388.0,5556.0,6984.0,,https://www.99acres.com/residential-land-plot-for-sale-in-suramya-three-palodia-ahmedabad-west-776-sqyd-r1-spid-H88888778,,,,,,,Palodia,,Unknown,1,False,False,False,plot,,
"Residential land / Plotin Nandoli, Gandhinagar","Nandoli, Gandhinagar",1050.0,8333.0,12600.0,Kalrav alpines Premium residential plots for sale Starting from 1100 sq. Yards,https://www.99acres.com/residential-land-plot-for-sale-in-nandoli-gandhinagar-1400-sqyd-spid-P88830702,,,,,,,Kalol,,Unknown,0,False,False,False,plot,0.0,0.0
"Residential land / Plotin Randesan, Gandhinagar","Randesan, Gandhinagar",225.0,13158.0,1710.0,"190 sq. Yards residential land / plots available for sale at prime location of randesan, gandhinagar.",https://www.99acres.com/residential-land-plot-for-sale-in-randesan-gandhinagar-190-sqyd-r1-spid-U88993150,,,,,,,Randesan,,Unknown,1,False,False,False,plot,0.0,0.0
"Residential land / Plotin Sargasan, Gandhinagar","Sargasan, Gandhinagar",230.0,156462.0,147.0,Pramukh nagar sargasan nearby achiever school moll kh road hospital,https://www.99acres.com/residential-land-plot-for-sale-in-pramukh-nagar-phase-2-sargasan-gandhinagar-16-sqyd-spid-L90079004,,,,,,,Sargasan,,Unknown,0,False,False,False,plot,0.0,2.0
"Residential land / Plotin Randheja, Gandhinagar","Randheja, Gandhinagar",65.0,3575.0,1818.0,,https://www.99acres.com/residential-land-plot-for-sale-in-randheja-gandhinagar-202-sqyd-r1-spid-P88140996,,,,,,,Randheja,,Unknown,1,False,False,False,plot,,
"Residential land / Plotin Por, Gandhinagar","Por, Gandhinagar",320.0,8044.0,3978.0,Residencial plot in society near kudasan por road gandhinagar on sell investr option . Shreeji kunj society at kudasan por road on resale.,https://www.99acres.com/residential-land-plot-for-sale-in-por-gandhinagar-442-sqyd-spid-X90328832,,,,,,,Gandhinagar Taluka,,Unknown,1,False,False,False,plot,0.0,0.0
"Residential land / Plotin Koba, Gandhinagar","Koba, Gandhinagar",417.0,12799.0,3258.0,A premium 362 sqyare plot for sell in the high end society. Best location and connectivity. Plot dimention are 52 x 62 sq.Yad. Good towards ahmedabad and gandhinagar,https://www.99acres.com/residential-land-plot-for-sale-in-koba-gandhinagar-362-sqyd-spid-R90660742,,,,,,,Koba,,Unknown,1,False,False,False,plot,0.0,0.0
"Residential land / Plotin Rakanpur, Gandhinagar","Rakanpur, Gandhinagar",900.0,11111.0,8100.0,900 sqyd plot in sopan retret good society and primium loction near bhadaj circal s p ring road.,https://www.99acres.com/residential-land-plot-for-sale-in-avirat-sopan-retreat-rakanpur-ahmedabad-north-900-sq-yard-spid-L89390487,,,,,,,Kalol,,Unknown,1,False,False,False,plot,0.0,0.0
"Residential land / Plotin Palodia, Gandhinagar","Palodia, Gandhinagar",900.0,5000.0,18000.0,"Available 2000 sq yard carpet plot on sale in prarthana upavan, located at palodia. For more details and site visit please contact us.",https://www.99acres.com/residential-land-plot-for-sale-in-palodia-ahmedabad-west-2000-sqyd-r5-spid-B83344702,,,,,,,Palodia,,Unknown,1,False,False,False,plot,0.0,0.0
"Residential land / Plotin Palodia, Gandhinagar","Palodia, Gandhinagar",410.0,4556.0,9000.0,"1000 sq yard carpet two road corner plot on sale in prarthana upavan, located at palodia. For more details and site visit please contact us.",https://www.99acres.com/residential-land-plot-for-sale-in-palodia-ahmedabad-west-1000-sqyd-r5-spid-U83344646,,,,,,,Palodia,,Unknown,1,False,False,False,plot,0.0,0.0
"Residential land / Plotin Palodia, Gandhinagar","Palodia, Gandhinagar",2250.0,8333.0,27000.0,Available 3000 sq yard individual na plot for sale in palodia. For more details and site visit please contact us.,https://www.99acres.com/residential-land-plot-for-sale-in-palodia-ahmedabad-west-3000-sqyd-r3-spid-U85778010,,,,,,,Palodia,,Unknown,1,False,False,False,plot,0.0,0.0
"Residential land / Plotin Kudasan, Gandhinagar","Kudasan, Gandhinagar",350.0,8778.0,3987.0,Plot for sale in kudasan is available in gandhinagar. This urjanagar part 2 locality resonates with your modern lifestyle. It's a 443 sq.Yards super built up area property. Expected possession of property immediately. The owner of the property has freehold entitlement over the land. The asking price is 3.5 crore. Negotiable.,https://www.99acres.com/residential-land-plot-for-sale-in-kudasan-gandhinagar-443-sqyd-r1-spid-Q87738268,,,,,,,Kudasan,,Unknown,1,False,False,False,plot,0.0,0.0
"Residential land / Plotin Unali, Gandhinagar","Unali, Gandhinagar",300.0,3115.0,9630.0,Plot for sale in unali is available in ahmedabad west. This locality resonates with your modern lifestyle. It spreads over 1070 sq.Yards super built up area. Up to 2 floors can be easily built on this land. The property is enclosed by boundary wall. Possession of land can be secured immediately. The property belongs to owner through freehold ownership. This residential plot is all yours for 3 c...,https://www.99acres.com/residential-land-plot-for-sale-in-unali-gandhinagar-1070-sq-yard-r6-spid-Z80725973,,,,,2.0,,Kalol,,New,1,False,False,False,plot,0.0,0.0
"Residential land / Plotin Palodia, Gandhinagar","Palodia, Gandhinagar",476.0,4782.0,9954.0,"Check out this plot for sale in palodia, one of the best locations in gandhinagar. It spreads over 1106 sq.Yards super built up area. Possession of land can be secured immediately. Currently the nature of ownership of the property is co-Operative society. The expected price for the property is just 4.76 crore. This residential plot is west-Facing direction.",https://www.99acres.com/residential-land-plot-for-sale-in-suramya-three-palodia-ahmedabad-west-1106-sqyd-r7-spid-Z79340599,,,,,,,Palodia,West,New,1,False,False,False,plot,2.0,0.0
"Residential land / Plotin Palodia, Gandhinagar","Palodia, Gandhinagar",500.0,5023.0,9954.0,Available prime location 1106 sq yards plot for sale in surmaya 3 at palodia. Its having all modern amenities. Best for furture investment or to make 1st home.,https://www.99acres.com/residential-land-plot-for-sale-in-suramya-three-palodia-ahmedabad-west-1106-sq-yard-r10-spid-I61562014,,,,,,,Palodia,,Unknown,1,False,False,False,plot,0.0,0.0
"Residential land / Plotin Rakanpur, Gandhinagar","Rakanpur, Gandhinagar",700.0,13889.0,5040.0,560 sqyd plot in carpet sopan retret s p ring road bhadaj good loction and primium view and all over good view and east faching che,https://www.99acres.com/residential-land-plot-for-sale-in-avirat-sopan-retreat-rakanpur-ahmedabad-north-560-sqyd-spid-P90554826,,,,,,,Kalol,East,Unknown,1,False,False,False,plot,0.0,0.0
"Residential land / Plotin Palodia, Gandhinagar","Palodia, Gandhinagar",270.0,5000.0,5400.0,"Looking for a plot in a prime location of ahmedabad west? This plot in plodiya is the best deal for you. It spans over spectacular 600 sq.Yards super built up area. Ownership of this property provides you entitlement to construct upto 2 floors. The boundary wall is already build around the plot. To build the residence, possession is expected immediately. The owner of the property has freehold e...",https://www.99acres.com/residential-land-plot-for-sale-in-palodia-ahmedabad-west-600-sqyd-r2-spid-M87849188,,,,,2.0,,Palodia,,New,1,False,False,False,plot,0.0,0.0
"Residential land / Plotin Unali, Gandhinagar","Unali, Gandhinagar",297.0,3111.0,9540.0,,https://www.99acres.com/residential-land-plot-for-sale-in-unali-gandhinagar-1060-sqyd-spid-E90136376,,,,,,,Kalol,,Unknown,1,False,False,False,plot,,
"Residential land / Plotin Adhana, Gandhinagar","Adhana, Gandhinagar",125.0,2778.0,4500.0,"Best location land, best property is land , near by club house.",https://www.99acres.com/residential-land-plot-for-sale-in-adhana-gandhinagar-500-sqyd-spid-W90541112,,,,,,,Kalol,,Unknown,1,False,False,False,plot,0.0,0.0
"Residential land / Plotin Rancharda, Gandhinagar","Rancharda, Gandhinagar",1035.0,5000.0,20700.0,Nice east facing plot with a good shape available on sale in rancharda,https://www.99acres.com/residential-land-plot-for-sale-in-gandhinagar-2300-sqyd-spid-V90142108,,,,,,,Kalol,East,Unknown,1,False,False,False,plot,0.0,0.0
"Residential land / Plotin Sargasan, Gandhinagar","Sargasan, Gandhinagar",218.00000000000003,11645.0,1872.0,208 sqyd carpet plot in sargasan croos road near s g hiqway siddivinayak society all over super view and primium socitey,https://www.99acres.com/residential-land-plot-for-sale-in-sargasan-gandhinagar-208-sqyd-spid-Q90819754,,,,,,,Sargasan,,Unknown,1,False,False,False,plot,0.0,0.0
"Residential land / Plotin Nabhoi, Gandhinagar","Nabhoi, Gandhinagar",840.0,11667.0,7200.0,"Nabhoi is an ideal location for buying residential plots in gandhinagar. This plot in nabhoi is a great buy for you. The plot is around super built up area of 800 sq.Yards in size. The boundary wall is already build around the plot. To build the residence, possession is expected immediately. The property belongs to owner through freehold ownership. This residential plot is all yours for 3.4 cro...",https://www.99acres.com/residential-land-plot-for-sale-in-nabhoi-ahmedabad-north-800-sqyd-spid-D89839896,,,,,,,Nabhoi,,Unknown,1,False,False,False,plot,0.0,0.0
"Residential land / Plotin Nabhoi, Gandhinagar","Nabhoi, Gandhinagar",340.0,9444.0,3600.0,Nabhoi is an ideal location for buying residential plots in gandhinagar. This plot in nabhoi is a great buy for you. It spans over spectacular 400 sq.Yards super built up area. The property is enclosed by boundary wall. Possession of land can be secured immediately. The property belongs to owner through freehold ownership. This residential plot is all yours for 3.4 crore. Open for negotiation. ...,https://www.99acres.com/residential-land-plot-for-sale-in-nabhoi-ahmedabad-north-400-sqyd-spid-V89839614,,,,,,,Nabhoi,,Unknown,1,False,False,False,plot,0.0,0.0
"Residential land / Plotin Vansajda, Gandhinagar","Vansajda, Gandhinagar",200.0,2222.0,9000.0,"This is good for investment as well as for end use, premium location plot available with us",https://www.99acres.com/residential-land-plot-for-sale-in-vansajda-gandhinagar-1000-sqyd-r5-spid-F77164779,,,,,,,Kalol,,Unknown,1,False,False,False,plot,0.0,0.0
"Residential land / Plotin Sector 26, Gandhinagar","Sector 26, Gandhinagar",1763.0,8333.0,21150.0,"This is a very good scheme for residence purpose, best for investment as well as for constructing home",https://www.99acres.com/residential-land-plot-for-sale-in-sector-26-gandhinagar-2350-sqyd-spid-G90308146,,,,,,,Sector 26,,Unknown,1,False,False,False,plot,0.0,0.0
"Residential land / Plotin Koba, Gandhinagar","Koba, Gandhinagar",362.0,7444.0,4869.0,Planning to purchase a plot in gandhinagar? This plot in koba is situated in one of the excellent locations of the city. It spreads over 541 sq.Yards super built up area. This property allows you to construct upto 2 floors. The property is guarded and secluded by boundary wall around it. Expected possession of property immediately. The owner of the property has freehold entitlement over the lan...,https://www.99acres.com/residential-land-plot-for-sale-in-koba-gandhinagar-541-sqyd-r4-spid-Q82192514,,,,,2.0,,Koba,,New,1,False,False,False,plot,0.0,0.0
"Residential land / Plotin Ambapur, Gandhinagar","Ambapur, Gandhinagar",851.0,2391.0,27225.0,,https://www.99acres.com/residential-land-plot-for-sale-in-ambapur-ahmedabad-north-1936-sq-yard-r8-spid-L63051100,,,,,,,Ambapur,,Unknown,1,False,False,False,plot,,
"Residential land / Plotin Sargasan, Gandhinagar","Sargasan, Gandhinagar",3000.0,8333.0,36000.0,"Check out this plot in sargasan, gandhinagar, an ideal destination to build your dream residence. The plot is around super built up area of 4000 sq.Yards in size. Ownership of this property provides you entitlement to construct upto 10 floors. The boundary wall is already build around the plot. To build the residence, possession is expected immediately. The property is owned under freehold cont...",https://www.99acres.com/residential-land-plot-for-sale-in-sargasan-gandhinagar-4000-sqyd-spid-F89921432,,,,,10.0,,Sargasan,,New,1,False,False,False,plot,0.0,0.0
"Residential land / Plotin Palodia, Gandhinagar","Palodia, Gandhinagar",224.00000000000003,4444.0,5031.0,,https://www.99acres.com/residential-land-plot-for-sale-in-palodia-ahmedabad-west-559-sqyd-r1-spid-Q88302766,,,,,,,Palodia,,Unknown,1,False,False,False,plot,,
"Residential land / Plotin Dholera, Gandhinagar","Dholera, Gandhinagar",12.5,604.0,2070.0,I have plots in dholera city. To develop dholera special investment region (Sir) as global manufacturing and trading hub i.E. The engine for economic resurgence the country which is supported by world class infrastructure.,https://www.99acres.com/residential-land-plot-for-sale-in-gandhinagar-230-sqyd-r1-spid-W88822574,,,,,,,Outside Gandhinagar,,Unknown,1,False,False,False,plot,0.0,0.0
"Residential land / Plotin Gift City, Gandhinagar","Gift City, Gandhinagar",168.0,5333.0,3150.0,Planning to purchase a plot in gandhinagar? This plot in gift city is situated in one of the excellent locations of the city. It spans over spectacular 350 sq.Yards super built up area. The property is enclosed by boundary wall. Possession of land can be secured within 6 months. Currently the nature of ownership of the property is freehold. The expected price for the property is just 1.68 crore...,https://www.99acres.com/residential-land-plot-for-sale-in-gift-city-gandhinagar-350-sqyd-spid-U91251574,,,,,,,Gift City,,New,0,False,False,False,plot,0.0,0.0
"Residential land / Plotin Kudasan, Gandhinagar","Kudasan, Gandhinagar",234.0,13333.0,1755.0,195 sq.Yard plot with good locality amd prime location nr.By reliance cross road at kudasan.,https://www.99acres.com/residential-land-plot-for-sale-in-kudasan-gandhinagar-195-sqyd-spid-U89934932,,,,,,,Kudasan,,Unknown,1,False,False,False,plot,0.0,0.0
"Residential land / Plotin Dabhoda, Gandhinagar","Dabhoda, Gandhinagar",750.0,1667.0,45000.0,,https://www.99acres.com/residential-land-plot-for-sale-in-dabhoda-gandhinagar-5000-sqyd-r1-spid-Z87725884,,,,,,,Dabhoda,,Unknown,1,False,False,False,plot,,
"Residential land / Plotin Nabhoi, Gandhinagar","Nabhoi, Gandhinagar",500.0,13889.0,3600.0,"Check out this plot for sale in nabhoi, one of the best locations in gandhinagar. It spreads over 400 sq.Yards super built up area. To secure the perimeter, a boundary wall is present around the property. The possession of the property can be received immediately. The type of ownership is freehold. The price of this massive plot is just 5 crore. Further negotiations can be done. This plot is fa...",https://www.99acres.com/residential-land-plot-for-sale-in-nabhoi-ahmedabad-north-400-sqyd-spid-K89840810,,,,,,,Nabhoi,,Unknown,1,False,False,False,plot,0.0,0.0
"Residential land / Plotin Sector 8B Gandhinagar, Sector 8 Gandhinagar","Sector 8B Gandhinagar, Sector 8 Gandhinagar",550.0,15471.0,3555.0,Prime location and road touch plot east facing nr bay coman plot,https://www.99acres.com/residential-land-plot-for-sale-in-sector-8b-gandhinagar-395-sqyd-spid-W90166466,,,,,,,Sector 8,East,Unknown,1,False,False,False,plot,2.0,0.0
"Residential land / Plotin Sector 8, Gandhinagar","Sector 8, Gandhinagar",550.0,15484.0,3552.0,,https://www.99acres.com/residential-land-plot-for-sale-in-sector-8-gandhinagar-395-sqyd-r1-spid-U86686182,,,,,,,Sector 8,,Unknown,1,False,False,False,plot,,
"Residential land / Plotin Kudasan, Gandhinagar","Kudasan, Gandhinagar",265.0,12188.0,2174.0,"A living area situated close to schools, bazaars, and hospitals.",https://www.99acres.com/residential-land-plot-for-sale-in-kudasan-gandhinagar-242-sq-yard-r1-spid-Y86685588,,,,,,,Kudasan,,Unknown,1,False,False,False,plot,0.0,3.0
"Residential land / Plotin Sargasan, Gandhinagar","Sargasan, Gandhinagar",400.0,14815.0,2700.0,"Plot for sale in sargasan is available in gandhinagar. This locality resonates with your modern lifestyle. The plot is around super built up area of 300 sq.Yards in size. The property is guarded and secluded by boundary wall around it. Expected possession of property from thu, 03 jul 2025. The property belongs to owner through freehold ownership. This residential plot is all yours for 4 crore. ...",https://www.99acres.com/residential-land-plot-for-sale-in-sargasan-gandhinagar-300-sqyd-r1-spid-D85266552,,,,,,,Sargasan,,New,1,False,False,False,plot,2.0,0.0
"Residential propertyin Mansa, Gandhinagar","Mansa, Gandhinagar",520.0,955.0,54455.076,"Located in mansa, gandhinagar, this 54,450 sqft residential property offers immediate availability. A 1-5 year old building with a versatile layout, it overlooks key healthcare centers like yashasvi eye hospital and shivam surgical hospital, ensuring convenience. This unfurnished, multi-Floor property suits buyers seeking spacious, well-Positioned real estate in gandhinagar.",https://www.99acres.com/other-residential-property-for-sale-in-mansa-gandhinagar-54450-sqft-spid-K91248438,0.0,0.0,0.0,,,unfurnished,Mansa,,1-5 years,1,False,False,False,plot,0.0,2.0
"Residential land / Plotin Koba, Gandhinagar","Koba, Gandhinagar",325.0,8009.0,4058.028,"Located in koba, gandhinagar, this 4058 sqft residential land plot is available for immediate sale. Featuring a corner position, the plot offers excellent access and visibility. Situated near health focus physiotherapy clinic, infocity, and pandit deendayal petroleum university, it combines convenience with potential, ideal for your next residential project.",https://www.99acres.com/residential-land-plot-for-sale-in-koba-gandhinagar-451-sqyd-spid-W91171194,,,,,,,Koba,,Unknown,1,False,False,False,plot,2.0,4.0
"Residential land / Plotin Sargasan, Gandhinagar","Sargasan, Gandhinagar",176.0,11111.0,1584.0,"176 sq.Yard net plot for sell in devbhumi society,sargasan ,posh area of gandhinagar price 100000 per sq.Yard",https://www.99acres.com/residential-land-plot-for-sale-in-sargasan-gandhinagar-176-sqyd-spid-E91165220,,,,,,,Sargasan,,Unknown,1,False,False,False,plot,0.0,0.0
"Residential land / Plotin Sargasan, Gandhinagar","Sargasan, Gandhinagar",2.1,135.0,1557.0,Good location hospital school college mall prime sargasun ghandinagar,https://www.99acres.com/residential-land-plot-for-sale-in-sargasan-gandhinagar-173-sqyd-spid-I90819348,,,,,,,Sargasan,,Unknown,1,False,False,False,plot,0.0,4.0
"Residential land / Plotin Chiloda, Gandhinagar","Chiloda, Gandhinagar",65.0,3611.0,1800.0,"Located in chiloda, gandhinagar, this 1800 sq.Ft. Residential plot offers immediate availability for sale. Ideal for building your dream home, the land is unfurnished and positioned near key hospitals such as mahi surgical and krishna hospital, making it a practical choice for convenience and accessibility. Premium residential plot for sale gandhinagar (Alampur, near chiloda) A rare opportunity...",https://www.99acres.com/residential-land-plot-for-sale-in-chiloda-gandhinagar-200-sqyd-spid-D90741308,,,,,,unfurnished,Chiloda,,New,1,False,False,False,plot,0.0,2.0
"Residential land / Plotin Gift City, Gandhinagar","Gift City, Gandhinagar",3200.0,5877.0,54450.0,Prime location highway touch land in gift zone available for sale. For more details call,https://www.99acres.com/residential-land-plot-for-sale-in-gift-city-gandhinagar-3872-sq-yard-r11-spid-M72947789,,,,,,,Gift City,,Unknown,1,False,False,False,plot,0.0,0.0
"Residential land / Plotin Dahegam, Gandhinagar","Dahegam, Gandhinagar",260.0,6.0,4312440.0,"I have a land available for sale in near dehgam, gandhinagar. Available at price of rs 2.6 crores. It has plot area of 99 acres. It is a freehold property",https://www.99acres.com/residential-land-plot-for-sale-in-dhegam-gandhinagar-479164-sqyd-spid-B90564078,,,,,,,Dahegam,,Unknown,1,False,False,False,plot,0.0,0.0
"4 Bedroom Farm housein Dahegam, Gandhinagar","Dahegam, Gandhinagar",2405.0,955.0,251831.0,"This 4 bhk farmhouse in dahegam, gandhinagar offers immediate availability. Situated on phone_number.25 sq.Ft., the 1-5 year old property features 4 bedrooms and 1 bathroom, fully furnished. Close to khodiyar temple, bank of baroda atm, and multiple hospitals, it combines convenience with comfortable living.",https://www.99acres.com/4-bhk-bedroom-farm-house-for-sale-in-dhegam-gandhinagar-251831-sqft-spid-N90563636,4.0,1.0,2.0,,,furnished,Dahegam,,1-5 years,1,False,False,False,farmhouse,0.0,2.0
"Residential land / Plotin Palodia, Gandhinagar","Palodia, Gandhinagar",221.0,4889.0,4527.0,,https://www.99acres.com/residential-land-plot-for-sale-in-suramya-three-palodia-ahmedabad-west-503-sqyd-r1-spid-F88888652,,,,,,,Palodia,,Unknown,1,False,False,False,plot,,
"Residential land / Plotin Pethapur, Gandhinagar","Pethapur, Gandhinagar",72.0,41860.0,172.0,"We are proud owners of land available for sale in pethapur, gandhinagar. Available at price of rs 80 lacs. It has plot area of 172 sq ft. It is a freehold property",https://www.99acres.com/residential-land-plot-for-sale-in-pethapur-gandhinagar-19-sqyd-r2-spid-E79758247,,,,,,,Pethapur,,Unknown,1,False,False,False,plot,0.0,0.0
"Residential land / Plotin Grambharti, Gandhinagar","Grambharti, Gandhinagar",100.0,1040.0,9612.0,"Located in anant greenz, grambharti, gandhinagar, this residential plot offers 9,612 sq.Ft. Of land available for immediate sale. Ideal for development, the plot provides a spacious layout within a prime location. Being unfurnished land on the ground level, it presents a blank canvas for your residential project.",https://www.99acres.com/residential-land-plot-for-sale-in-anant-greenz-grambharti-gandhinagar-1068-sqyd-spid-H90370298,,,,0.0,,unfurnished,Mansa,,Unknown,1,False,False,False,plot,0.0,0.0
"Residential land / Plotin Palodia, Gandhinagar","Palodia, Gandhinagar",163.0,7222.0,2250.0,"To build a splendid residence, this plot in gruh garden, palodia, ahmedabad west is the best fit for you. This 250 sq.Yards super built up area plot is your opportunity to build a exceptional residence. This property allows you to construct upto 2 floors. The property is guarded and secluded by boundary wall around it. Expected possession of property immediately. The property is owned under fre...",https://www.99acres.com/residential-land-plot-for-sale-in-palodia-ahmedabad-west-250-sqyd-spid-T90341386,,,,,2.0,,Palodia,,New,1,False,False,False,plot,0.0,0.0
"Residential land / Plotin Sanoda, Gandhinagar","Sanoda, Gandhinagar",80.0,1469.0,5444.0,"Located in sanoda, gandhinagar, this 5445 sq.Ft. Residential plot offers a prime opportunity for building your dream home. Available within three months from july 2026, the land is undeveloped and ready for construction. Situated in a growing neighborhood, it provides a peaceful setting with easy access to gandhinagars amenities.",https://www.99acres.com/residential-land-plot-for-sale-in-sanoda-gandhinagar-605-sqyd-spid-I90309592,,,,,,,Dahegam,,New,0,False,False,False,plot,0.0,0.0
"Residential land / Plotin Kalol, Gandhinagar","Kalol, Gandhinagar",232.0,3333.0,6966.0,,https://www.99acres.com/residential-land-plot-for-sale-in-kalol-gandhinagar-774-sqyd-spid-F90138116,,,,,,,Kalol,,Unknown,1,False,False,False,plot,,
"Residential land / Plotin urjanagar 2,plot number 18, Gandhinagar","urjanagar 2,plot number 18, Gandhinagar",325.0,8808.0,3690.0,"Situated in urjanagar 2, gandhinagar, this 3690 sq.Ft. West-Facing corner residential plot is available for immediate sale. Located near a hospital, market, and metro station, it offers excellent accessibility. Ideal for building a home, this land on plot number 18 presents a prime opportunity in a well-Connected neighborhood.",https://www.99acres.com/residential-land-plot-for-sale-in-gandhinagar-410-sqyd-spid-L90135254,,,,,,,Randesan,West,New,1,False,False,False,plot,2.0,5.0
"Residential land / Plotin Palodia, Gandhinagar","Palodia, Gandhinagar",194.0,3889.0,4995.0,Avaialbe 555 sq yard plot for sale in sopan icon located at palodia. For more details and site visit please contact us.,https://www.99acres.com/residential-land-plot-for-sale-in-avirat-sopan-icon-palodia-ahmedabad-west-555-sqyd-r2-spid-D86936706,,,,,,,Palodia,,Unknown,1,False,False,False,plot,0.0,0.0
"Residential land / Plotin Mahudi, Gandhinagar","Mahudi, Gandhinagar",16.0,889.0,1800.0,"This 1800 sq.Ft. Residential plot in swo kashmir valley, mahudi, gandhinagar offers a prime opportunity for those seeking land near the mahudi tirth jain temple and mahudi jain temple. Available for sale within three months, the land is ideal for building your home in a well-Connected area. The plot is unfurnished and ready for development.",https://www.99acres.com/residential-land-plot-for-sale-in-swo-kashmir-valley-mahudi-gandhinagar-200-sqyd-spid-J90036924,,,,,,unfurnished,Mansa,,New,0,False,False,False,plot,0.0,0.0
"Residential land / Plotin Palodia, Gandhinagar","Palodia, Gandhinagar",249.00000000000003,5000.0,4977.0,"Check out this plot in palodia, gandhinagar, an ideal destination to build your dream residence. This 553 sq.Yards super built up area plot is your opportunity to build a exceptional residence. Ownership of this property provides you entitlement to construct upto 2 floors. The boundary wall is already build around the plot. To build the residence, possession is expected immediately. The propert...",https://www.99acres.com/residential-land-plot-for-sale-in-suramya-three-palodia-ahmedabad-west-553-sqyd-r6-spid-N72061694,,,,,2.0,,Palodia,,New,1,False,False,False,plot,0.0,0.0
"Residential land / Plotin Aluva, Gandhinagar","Aluva, Gandhinagar",15.0,877.0,1710.0,Residential land available for sell.Located in aluva.Available at an price of rs 1500000.,https://www.99acres.com/residential-land-plot-for-sale-in-aluva-gandhinagar-190-sqyd-r1-spid-A75985655,,,,,,,Kalol,,Unknown,1,False,False,False,plot,0.0,0.0
"Residential land / Plotin Gift City, Gandhinagar","Gift City, Gandhinagar",185.0,7967.0,2322.0,Plot for sale in gift city is available in gandhinagar. This locality resonates with your modern lifestyle. It's a 2322 sq.Ft. Super built up area property. No delay in acquiring possession. It's a ready to move property. The property is owned under freehold contract. The plot is available at a price of 1.85 crore.,https://www.99acres.com/residential-land-plot-for-sale-in-gift-city-gandhinagar-258-sqyd-spid-F89794234,,,,,,,Gift City,,New,0,False,False,False,plot,0.0,0.0
"Residential land / Plotin Vavol, Gandhinagar","Vavol, Gandhinagar",534.0,5662.0,9432.0,"Plot for sale in vavol is available in gandhinagar. This locality resonates with your modern lifestyle. It's a 1048 sq.Yards super built up area property. Construction on this property can be easily done upto 6 floors. Immediately, possession of property can be transferred. The owner of the property has freehold entitlement over the land. The asking price is only 5.34 crore. The plot location i...",https://www.99acres.com/residential-land-plot-for-sale-in-vavol-gandhinagar-1048-sqyd-spid-M89778916,,,,,6.0,,Vavol,,New,0,False,False,False,plot,0.0,0.0
"Residential land / Plotin Vavol, Gandhinagar","Vavol, Gandhinagar",171.0,8676.0,1971.0,"Plot for sale in vavol is available in gandhinagar. This locality resonates with your modern lifestyle. It's a 219 sq.Yards super built up area property. Ownership of this property provides you entitlement to construct upto 4 floors. To build the residence, possession is expected immediately. Currently the nature of ownership of the property is freehold. The expected price for the property is j...",https://www.99acres.com/residential-land-plot-for-sale-in-vavol-gandhinagar-219-sqyd-spid-C89759972,,,,,4.0,,Vavol,,New,1,False,False,False,plot,0.0,0.0
"Residential land / Plotin Vavol, Gandhinagar","Vavol, Gandhinagar",55.0,5556.0,990.0,"Planning to purchase a plot in gandhinagar? This plot in vavol is situated in one of the excellent locations of the city. The plot is around super built up area of 110 sq.Yards in size. Here, a solid foundation can easily withhold construction of 3 floors. The possession of the property can be received immediately. The property belongs to owner through freehold ownership. This residential plot ...",https://www.99acres.com/residential-land-plot-for-sale-in-vavol-gandhinagar-110-sqyd-spid-V89713804,0.0,1.0,0.0,,3.0,,Vavol,,New,1,False,False,False,plot,0.0,0.0
"Residential land / Plotin Vavol, Gandhinagar","Vavol, Gandhinagar",55.0,5556.0,990.0,"Check out this plot in vavol, gandhinagar, an ideal destination to build your dream residence. It's a 110 sq.Yards super built up area property. Up to 3 floors can be easily built on this land. Possession of land can be secured immediately. The property is owned under freehold contract. The plot is available at a price of 55 lac. This property is close to school, close to market and close to ho...",https://www.99acres.com/residential-land-plot-for-sale-in-vavol-gandhinagar-110-sqyd-spid-Q89713534,,,,,3.0,,Vavol,,New,1,False,False,False,plot,0.0,3.0
"Residential land / Plotin Kalol, Gandhinagar","Kalol, Gandhinagar",1600.0,3386.0,47250.0,"This residential land/plot spans 35,766 sq.Ft. And is available for immediate sale in shilpgram 3, kalol, gandhinagar. Unfurnished and ready for development, it offers proximity to multiple hospitals and the shree satay narayan mandir, making it a strategic choice for residential purposes in a growing area.",https://www.99acres.com/residential-land-plot-for-sale-in-kalol-gandhinagar-5250-sqyd-spid-X89659094,,,,,,unfurnished,Kalol,,Unknown,1,False,False,False,plot,0.0,2.0
"Residential land / Plotin Vavol, Gandhinagar","Vavol, Gandhinagar",116.0,7811.0,1485.0,"Spacious, ready to build plot in vavol, gandhinagar. It spans over spectacular 165 sq.Yards super built up area. Construction on this property can be easily done upto 4 floors. Immediately, possession of property can be transferred. The property is owned under freehold contract. The plot is available at a price of 1.16 crore.",https://www.99acres.com/residential-land-plot-for-sale-in-vavol-gandhinagar-165-sqyd-spid-G89653528,,,,,4.0,,Vavol,,New,0,False,False,False,plot,0.0,0.0
"2 Bedroom Farm housein Mahudi, Gandhinagar","Mahudi, Gandhinagar",50.0,1388.0,3595.176,"We are proud owners of farmhouse available for sale in mahudi, gandhinagar. Available at price of rs 50 lacs. It has super area of 3600 sqft. It has 2 bhk, 2 bathroom, 2 balcony.It is a freehold property",https://www.99acres.com/2-bhk-bedroom-farm-house-for-sale-in-veer-residency-mahudi-gandhinagar-3600-sqft-spid-Y89625576,2.0,2.0,2.0,,,,Mansa,,New,1,False,False,False,farmhouse,0.0,0.0
"Residential land / Plotin Randheja, Gandhinagar","Randheja, Gandhinagar",265.0,973.0,27225.0,"Spanning 27,225 sq.Ft., this residential land in randheja, gandhinagar is available for immediate sale. Positioned near sheth n.N saravajanik hospital and randheja railway station, it offers excellent connectivity. As a vacant plot, it provides a blank canvas for your vision in a well-Connected area.",https://www.99acres.com/residential-land-plot-for-sale-in-randheja-gandhinagar-3025-sqyd-spid-Y89561666,,,,,,,Randheja,,Unknown,1,False,False,False,plot,0.0,3.0
"Residential land / Plotin Randheja, Gandhinagar","Randheja, Gandhinagar",85.0,4400.0,1818.0,"Located in randheja, gandhinagar, this immediate-Availability residential land spans 1818 sq.Ft. East-Facing and close to sheth n.N saravajanik hospital, randheja railway station, schools, and a market, this plot offers a prime spot for your next home. Offered at rs80 lac, its ideal for those seeking convenience and accessibility.",https://www.99acres.com/residential-land-plot-for-sale-in-randheja-gandhinagar-202-sqyd-spid-M89551212,,,,,,,Randheja,East,New,1,False,False,False,plot,0.0,5.0
"Residential land / Plotin Chiloda, Gandhinagar","Chiloda, Gandhinagar",80.0,4778.0,1674.0,,https://www.99acres.com/residential-land-plot-for-sale-in-chiloda-gandhinagar-186-sqyd-r1-spid-A80129305,,,,,,,Chiloda,,Unknown,1,False,False,False,plot,,
"Residential land / Plotin Vavol, Gandhinagar","Vavol, Gandhinagar",60.0,,0.06,"We have a land available for sale in mahudi, gandhinagar. Available at price of rs 60 lacs. It has plot area of 0.05785124 sq ft. It is a power of attorney property",https://www.99acres.com/residential-land-plot-for-sale-in-kirtidham-society-vavol-gandhinagar-0-sqyd-spid-Q89204781,,,,,,,Vavol,,Unknown,1,False,False,False,plot,0.0,0.0
"Residential land / Plotin Grambharti, Gandhinagar","Grambharti, Gandhinagar",119.0,912.0,13050.0,"Plot for sale in grambharti is available in gandhinagar. This locality resonates with your modern lifestyle. It spreads over 1450 sq.Yards super built up area. Here, a solid foundation can easily withhold construction of 3 floors. To secure the perimeter, a boundary wall is present around the property. The possession of the property can be received immediately. The property belongs to owner thr...",https://www.99acres.com/residential-land-plot-for-sale-in-grambharti-gandhinagar-1450-sq-yard-r2-spid-W80500625,0.0,1.0,0.0,,3.0,,Mansa,,New,1,False,False,False,plot,0.0,0.0
"Residential land / Plotin Sargasan, Gandhinagar","Sargasan, Gandhinagar",234.0,13889.0,1683.0,"Located in sargasan, gandhinagar, this 1683 sq.Ft. Residential plot is available for immediate sale. Positioned near several religious sites like shree mahakali mataji temple and swaminarayan temple, it offers a serene environment. Ideal for residential use, this land presents a unique opportunity in a peaceful neighborhood.",https://www.99acres.com/residential-land-plot-for-sale-in-sargasan-gandhinagar-187-sqyd-spid-I89181377,,,,,,,Sargasan,,Unknown,1,False,False,False,plot,0.0,1.0
"Residential land / Plotin Dahegam, Gandhinagar","Dahegam, Gandhinagar",145.0,383.0,37842.75,"Residential land measuring 37,842.75 sq.Ft. Is available for immediate sale in dahegam, gandhinagar. This prime plot offers proximity to key amenities like khodiyar temple, multiple hospitals including sidhivinayak hospital, and bank of baroda atm. Ideal for development, the property stands ready to meet your investment or construction needs.",https://www.99acres.com/residential-land-plot-for-sale-in-dhegam-gandhinagar-4205-sqyd-spid-A89138189,,,,,,,Dahegam,,Unknown,1,False,False,False,plot,0.0,2.0
"Residential land / Plotin Amarapur, Gandhinagar","Amarapur, Gandhinagar",27.5,1222.0,2250.0,Nr taj resorts ..Grambharti..Amrapur road ..Swapan shrushti water park road gandhinagar,https://www.99acres.com/residential-land-plot-for-sale-in-amarapur-gandhinagar-250-sqyd-spid-M89101057,,,,,,,Mansa,,Unknown,0,False,False,False,plot,0.0,0.0
"Residential land / Plotin Lavarpur, Gandhinagar","Lavarpur, Gandhinagar",180.0,7752.0,2322.0,"This residential land/plot of 2322 sq.Ft. Is available for immediate sale opposite jio petrol pump in lavarpur, gandhinagar. Positioned on a well-Connected floor area, the plot offers a prime location advantage near ioc facilities, making it ideal for residential development. Selling price is rs 1.8 crore.",https://www.99acres.com/residential-land-plot-for-sale-in-lavarpur-gandhinagar-258-sqyd-spid-J89089479,,,,,,,Gandhinagar Taluka,,Unknown,1,False,False,False,plot,0.0,0.0
"Residential land / Plotin Sector 1 Gandhinagar, SG Highway","Sector 1 Gandhinagar, SG Highway",650.0,18299.0,3552.09,Residential land available for sell.Located in sector 1 gandhinagar.Available at an price of rs 65000000.,https://www.99acres.com/residential-land-plot-for-sale-in-sector-1-gandhinagar-394-sqyd-r2-spid-G75973993,,,,,,,Sector 1,,Unknown,1,False,False,False,plot,0.0,0.0
"Residential land / Plotin Chiloda, Gandhinagar","Chiloda, Gandhinagar",47.0,3760.0,1250.0,"Available for immediate sale, this 1250 sq.Ft. Residential plot in chiloda, gandhinagar offers a prime location close to mahi surgical hospital and krishana hospital. The land is ready for development in a well-Established area, making it ideal for your next home project. No furnishing applies to this plot.",https://www.99acres.com/residential-land-plot-for-sale-in-chiloda-gandhinagar-139-sqyd-spid-Z88829562,,,,,,unfurnished,Chiloda,,New,1,False,False,False,plot,0.0,1.0
"Residential land / Plotin Palaj, Gandhinagar","Palaj, Gandhinagar",79.75,6111.0,1305.0,"Located in palaj, gandhinagar, this 1305 sq.Ft. Residential plot is available for immediate sale. Ideal for building your dream home, the land offers proximity to the swaminarayan akshardham temple, adding cultural value. The plot is unfurnished as expected, situated in a peaceful locale within gandhinagar, perfect for residential development.",https://www.99acres.com/residential-land-plot-for-sale-in-palaj-gandhinagar-145-sqyd-spid-R88758172,,,,,,unfurnished,Gandhinagar Taluka,,New,1,False,False,False,plot,0.0,0.0
"Residential land / Plotin Pethapur, Gandhinagar","Pethapur, Gandhinagar",59.0,1987.0,2970.0,Pethapur is an ideal location for buying residential plots in gandhinagar. This plot in pethapur is a great buy for you. It spans over spectacular 330 sq.Yards super built up area. Up to 3 floors can be easily built on this land. The property is enclosed by boundary wall. Possession of land can be secured immediately. The type of ownership is freehold. The price of this massive plot is just 59 ...,https://www.99acres.com/residential-land-plot-for-sale-in-pethapur-gandhinagar-330-sqyd-spid-D88717388,,,,,3.0,,Pethapur,,Unknown,1,False,False,False,plot,0.0,0.0
"Residential land / Plotin Santej, Gandhinagar","Santej, Gandhinagar",500.0,3472.0,14400.0,"Located in santej, gandhinagar, this 14,400 sq.Ft. Residential plot is available for immediate sale. Ideal for building your dream home, the land offers ample space in a growing area of gandhinagar. The property is ready for development and provides a prime opportunity within a sought-After location.",https://www.99acres.com/residential-land-plot-for-sale-in-santej-ahmedabad-north-1600-sqyd-spid-D88498444,,,,,,,Kalol,,Unknown,1,False,False,False,plot,0.0,0.0
"Residential land / Plotin Randheja, Gandhinagar","Randheja, Gandhinagar",500.0,926.0,54000.0,"Check out this plot in randheja, gandhinagar, an ideal destination to build your dream residence. It spans over spectacular 6000 sq.Yards super built up area. The boundary wall is already build around the plot. To build the residence, possession is expected immediately. The property belongs to owner through freehold ownership. This residential plot is all yours for 5 crore. Open for negotiation...",https://www.99acres.com/residential-land-plot-for-sale-in-randheja-gandhinagar-6000-sqyd-spid-M88484122,,,,,,,Randheja,,Unknown,1,False,False,False,plot,0.0,0.0
"Residential land / Plotin Valad, Gandhinagar","Valad, Gandhinagar",1300.0,1194.0,108900.0,Bhav ma thai ochu thse ane sari location ma che rasta vachche 1 j khetar che,https://www.99acres.com/residential-land-plot-for-sale-in-valad-gandhinagar-7744-sqyd-spid-F88454106,,,,,,,Valad,,Unknown,1,False,False,False,plot,0.0,0.0
"Residential land / Plotin Magodi, Gandhinagar","Magodi, Gandhinagar",300.0,551.0,54450.0,"Spanning 34,848 sq.Ft., this corner residential plot in magodi, gandhinagar offers immediate availability for development. The land is unfurnished and ready for your vision, situated in a growing neighborhood. With a prime location and clear layout, it presents a unique opportunity for residential construction.",https://www.99acres.com/residential-land-plot-for-sale-in-gandhinagar-3872-sqyd-spid-B88302832,,,,,,unfurnished,Gandhinagar Taluka,,New,1,False,False,False,plot,2.0,0.0
"Residential land / Plotin Lodra, Gandhinagar","Lodra, Gandhinagar",655.0,552.0,118701.0,,https://www.99acres.com/residential-land-plot-for-sale-in-lodra-gandhinagar-8441-sqyd-spid-O88265992,,,,,,,Mansa,,Unknown,1,False,False,False,plot,,
"Residential land / Plotin Kolavada, Gandhinagar","Kolavada, Gandhinagar",900.0,1653.0,54450.0,I went to sell my 2 bigha land nr gandhinagar on urgent basics,https://www.99acres.com/residential-land-plot-for-sale-in-kolavada-gandhinagar-3872-sqyd-spid-R88260608,,,,,,,Kolavada,,Unknown,1,False,False,False,plot,0.0,0.0
"Residential land / Plotin Koba, Gandhinagar","Koba, Gandhinagar",380.0,8328.0,4563.0,"Situated in rajdhani co. Op. Housing society, koba, gandhinagar, this 4563 sq.Ft. Residential plot is available for immediate sale. Ideal for building your dream home, it offers proximity to motera stadium, gift city. Koba metro station. And location plans to offer a blend of world class hotels, upscale malls and state of art infrastructure ensuring convenience and accessibility in a growing ne...",https://www.99acres.com/residential-land-plot-for-sale-in-koba-gandhinagar-507-sqyd-spid-V88039250,,,,,,,Koba,,Unknown,1,False,False,False,plot,0.0,5.0
"Residential land / Plotin Koba, Gandhinagar","Koba, Gandhinagar",281.0,11521.0,2439.0,"Koba is an ideal location for buying residential plots in gandhinagar. This plot in koba is a great buy for you. It spreads over 271 sq.Yards super built up area. Ownership of this property provides you entitlement to construct upto 3 floors. The boundary wall is already build around the plot. To build the residence, possession is expected immediately. The property belongs to owner through free...",https://www.99acres.com/residential-land-plot-for-sale-in-shree-gayatri-satyamev-chhavani-2-koba-gandhinagar-271-sqyd-spid-L87632568,,,,,3.0,,Koba,,New,1,False,False,False,plot,0.0,0.0
"Residential land / Plotin Kudasan, Gandhinagar","Kudasan, Gandhinagar",280.0,9428.0,2970.0,"Its at good location 330 yards plot , gated society Ready to build",https://www.99acres.com/residential-land-plot-for-sale-in-kudasan-gandhinagar-330-sqyd-spid-X87548152,,,,,,,Kudasan,,Unknown,1,False,False,False,plot,0.0,0.0
"Residential land / Plotin Lavarpur, Gandhinagar","Lavarpur, Gandhinagar",120.0,54545.0,220.0,"Plot for sale 220 vaar (Near gift city) A prime 220 vaar residential plot is available for sale in a good location near gift city. This plot is ideal for those who want to build their own house or for long-Term investment. Plot size: 220 vaar Price: 50,000 per vaar Total price: 1,10,00,000 (1.10 crore inr) Clear title, peaceful surroundings, and excellent future growth potential due to proximit...",https://www.99acres.com/residential-land-plot-for-sale-in-lavarpur-gandhinagar-24-sqyd-spid-A87534764,,,,,,,Gandhinagar Taluka,,Unknown,1,False,False,False,plot,0.0,0.0
"Residential land / Plotin Rakanpur, Gandhinagar","Rakanpur, Gandhinagar",1500.0,6483.0,23139.0,"Two road attached 18mt road, gam tal extension, opposite future garden plot.",https://www.99acres.com/residential-land-plot-for-sale-in-rakanpur-ahmedabad-north-2571-sqyd-spid-M87346716,,,,,,,Kalol,,Unknown,1,False,False,False,plot,0.0,1.0
"Residential land / Plotin Vayana, Kalol, Gandhinagar","Vayana, Kalol, Gandhinagar",500.0,,26.58,Best for investment purpose. Best for construction site. Best for ploting.,https://www.99acres.com/residential-land-plot-for-sale-in-vayana-gandhinagar-3-sqyd-spid-A87270698,,,,,,,Kalol,,Unknown,1,False,False,False,plot,0.0,0.0
"Residential land / Plotin Mahudi, Gandhinagar","Mahudi, Gandhinagar",14.02,833.0,1683.0,"Location Plot nos. 94, 95 & 157 Located at kashmir valley, aluva, mahudi gandhinagar highway --- Plot 1 premium residential - Phase: 1 - Plot no: 94 - Area: 263 sq. Yard - Total price: 19,72,500 Highlights: - East-Facing, overlooking park & main road - Premium residential plot in a prime location - Near mahudi temple & aloha hills resort - Well-Maintained society - Ideal for investment or build...",https://www.99acres.com/residential-land-plot-for-sale-in-swo-kashmir-valley-mahudi-gandhinagar-187-sqyd-spid-P87062362,,,,,,,Mansa,East,New,1,False,False,False,plot,5.0,0.0
"Residential land / Plotin Alampur, Gandhinagar","Alampur, Gandhinagar",40.0,1778.0,2250.0,"Located in alampur, gandhinagar, this 2250 sq.Ft. Residential plot is available for immediate sale. With no existing structure, it offers a blank canvas to build your ideal home. The site benefits from proximity to hospitals, markets, and schools, making it a practical choice for families planning their future residence.",https://www.99acres.com/residential-land-plot-for-sale-in-alampur-gandhinagar-250-sqyd-spid-U87103140,,,,,,,Alampur,,Unknown,1,False,False,False,plot,0.0,0.0
"Residential land / Plotin Mansa, Gandhinagar","Mansa, Gandhinagar",950.0,793.0,119791.1,Joint family land property main road far around 400 miter good for housing society development gandhinagar municipal corporation area tp near the land,https://www.99acres.com/residential-land-plot-for-sale-in-mansa-gandhinagar-13310-sqyd-spid-V87034684,,,,,,,Mansa,,Unknown,0,False,False,False,plot,0.0,0.0
"Residential land / Plotin Lodra, Gandhinagar","Lodra, Gandhinagar",280.0,308.0,90931.5,"Spanning 90,931.5 sq.Ft., this residential plot in lodra, gandhinagar offers immediate availability for your development plans. Positioned near shri s.G ayurved hospital, tejas clinic, and lodra railway station, it combines accessibility with convenience. As an unfurnished land parcel, it presents a versatile opportunity in a well-Connected area.",https://www.99acres.com/residential-land-plot-for-sale-in-lodra-gandhinagar-10103-sqyd-spid-D87002546,,,,,,unfurnished,Mansa,,Unknown,1,False,False,False,plot,0.0,3.0
"Residential propertyin Lodra, Gandhinagar","Lodra, Gandhinagar",250.0,319.0,78408.72,"Located in lodra, gandhinagar, this brand-New property offers 78,408.72 sq.Ft. Of space, ready for immediate sale. Featuring a unique layout with no bedrooms or bathrooms, its suited for versatile residential use. Positioned near shri s.G ayurved hospital, tejas clinic, and lodra railway station, convenience is at your doorstep.",https://www.99acres.com/other-residential-property-for-sale-in-lodra-gandhinagar-78409-sqft-spid-E87002482,,,,,,,Mansa,,New,1,False,False,False,plot,2.0,10.0
"Residential land / Plotin Dahegam, Gandhinagar","Dahegam, Gandhinagar",70.0,257.0,27225.0,,https://www.99acres.com/residential-land-plot-for-sale-in-dhegam-gandhinagar-1936-sqyd-spid-T86473156,,,,,,,Dahegam,,Unknown,0,False,False,False,plot,,
"Residential land / Plotin Urjanagar 1, Randesan, Gandhinagar","Urjanagar 1, Randesan, Gandhinagar",220.00000000000003,12222.0,1800.0,It located near ahmedabad-Gandhinagar highways and easy access location. Plot location is good. Located near city pulse theatre. Currently 90% construction done on plots and 10% open plots are left in the society. Common plot of the society also spacious which accommodates 200 to 250 people for any social events. Public transport also accessible from the society. Metro station also not so far f...,https://www.99acres.com/residential-land-plot-for-sale-in-urjanagar-1-gandhinagar-200-sqyd-spid-U86458590,,,,,,,Randesan,,Unknown,1,False,False,False,plot,0.0,5.0
"Residential land / Plotin Jamla village, Gandhinagar","Jamla village, Gandhinagar",55.0,241.0,22869.0,"Situated in jamla village, gandhinagar, this expansive 22,869 sq.Ft. Residential land plot offers a prime opportunity for development. The land, available for sale, is ready for handover within three months, by february 2026. Free of any existing structures, it presents a clean slate on ground-Level terrain in a peaceful locale.",https://www.99acres.com/residential-land-plot-for-sale-in-gandhinagar-2541-sqyd-spid-J86302516,,,,,,,Kalol,,New,1,False,False,False,plot,0.0,0.0
"Residential land / Plotin Alampur, Gandhinagar","Alampur, Gandhinagar",40.0,2963.0,1350.0,"All gandhinagar property is available: Gandhinagar city thi keval thoda kilometer dur Purely residential zone Nearby schools, hospitals ane markets Peaceful area with greenery and safe surroundings Ready to build with all basic infrastructure Location advantage: Easy connectivity to major landmarks Upcoming development zone with high future value Perfect investment ane dream home location!...",https://www.99acres.com/residential-land-plot-for-sale-in-alampur-gandhinagar-150-sqyd-spid-B85925696,,,,,,,Alampur,,Unknown,1,False,False,False,plot,0.0,3.0
"Residential land / Plotin Sargasan, Gandhinagar","Sargasan, Gandhinagar",230.0,13521.0,1701.0,Sargasan is an ideal location for buying residential plots in gandhinagar. This plot in sargasan is a great buy for you. The plot is around super built up area of 1701 sq.Ft. In size. Expected possession of property immediately. The property belongs to owner through freehold ownership. This residential plot is all yours for 2.3 crore. Open for negotiation.,https://www.99acres.com/residential-land-plot-for-sale-in-sargasan-gandhinagar-189-sqyd-spid-L85708370,,,,,,,Sargasan,,Unknown,1,False,False,False,plot,0.0,0.0
"Residential land / Plotin Pundra, Gandhinagar","Pundra, Gandhinagar",52.0,889.0,5850.0,Residential land available for sell.Located in pundra.Available at an price of rs 5200000.,https://www.99acres.com/residential-land-plot-for-sale-in-gandhinagar-650-sqyd-r2-spid-F76719067,,,,,,,Mansa,,Unknown,1,False,False,False,plot,0.0,0.0
"Residential land / Plotin Pethapur, Gandhinagar","Pethapur, Gandhinagar",100.0,5420.0,1845.0,"Check out this plot for sale in pethapur, one of the best locations in gandhinagar. It's a 1845 sq.Ft. Super built up area property. The property is guarded and secluded by boundary wall around it. Expected possession of property immediately. The type of ownership is freehold. The price of this massive plot is just 1 crore. Further negotiations can be done.",https://www.99acres.com/residential-land-plot-for-sale-in-pethapur-gandhinagar-205-sq-yard-spid-D85646900,,,,,,,Pethapur,,Unknown,1,False,False,False,plot,0.0,0.0
"Residential land / Plotin Dholakuva, Gandhinagar","Dholakuva, Gandhinagar",600.0,1102.0,54450.0,"A great option for investment, 6 lane highway touch land and nearby 400 bed hospital makes it a developing area and the prices can go up unexpectedly",https://www.99acres.com/residential-land-plot-for-sale-in-dholakuva-gandhinagar-3872-sqyd-spid-A85538748,,,,,,,Mansa,,Unknown,1,False,False,False,plot,0.0,1.0
"Residential land / Plotin Lekawada, Gandhinagar","Lekawada, Gandhinagar",54.34,2444.0,2223.0,"Planning to build residence in gandhinagar? This plot in lekawada is the best deal for you. The plot is around super built up area of 247 sq.Yards in size. Ownership of this property provides you entitlement to construct upto 4 floors. The boundary wall is already build around the plot. To build the residence, possession is expected immediately. The type of ownership is freehold. The price of t...",https://www.99acres.com/residential-land-plot-for-sale-in-lekawada-gandhinagar-247-sqyd-spid-P84733586,,,,,4.0,,Gandhinagar Taluka,,New,1,False,False,False,plot,0.0,0.0
